"css-w5uu0r href","css-t5nx4t src","css-hc6pk4 src","css-hc6pk4 src 2","css-hc6pk4 src 3","css-0","css-1kjr4iz","css-hclm2j src","css-hclm2j src 2","css-hclm2j src 3","css-wesefx","css-xsih6f","css-ipoval","css-1rek4h3","css-9u48bm","css-9u48bm 2","css-9u48bm 3","css-9u48bm 5","css-9u48bm 6","css-9u48bm 7","css-oaskuq","css-oorffy","css-1tafjuz","css-woe2j4"
"https://www.seloger.com/annonces/achat/appartement/toulon-83/le-jonquet/261643083.htm?serp_view=list&search=distributionTypes%3DBuy%26estateTypes%3DHouse%2CApartment%26locations%3DPOCOFR5333%26page%3D2&sort_order_ab_test=sort_order_reference&feature_aiEnrichment=false#ln=classified_search_results&m=classified_search_results_classified_classified_detail_XL","https://mms.seloger.com/d/b/b/7/dbb74622-baaf-4d7d-90e1-78e942797465.jpg?ci_seal=59010a8a3ef7e80678839d6cf5b5ff88a6155f9d&h=50","https://mms.seloger.com/9/d/5/0/9d50045e-367c-4a1c-895f-355dce855e00.jpg?ci_seal=78af8b85b6bf888a0e1e37c24e7b32f5a5f8a6f3&w=626&h=470","https://mms.seloger.com/7/1/b/0/71b0e2c1-bd7a-4993-8713-cf1e402a0c15.jpg?ci_seal=2322b6529115f75933dca35b96a5298d2e2ad914&w=626&h=470","https://mms.seloger.com/a/c/2/d/ac2dcbb8-f43d-4f64-a8af-cee8f61e6a13.jpg?ci_seal=e5794ab10530d0a8fd847556495e5ec05e1814e5&w=626&h=470","1 / 7","C","https://mms.seloger.com/7/1/b/0/71b0e2c1-bd7a-4993-8713-cf1e402a0c15.jpg?ci_seal=2322b6529115f75933dca35b96a5298d2e2ad914&w=626&h=470","https://mms.seloger.com/4/a/0/b/4a0be11d-4311-42f1-9a34-d6cce45d2f1f.jpg?ci_seal=be51cfd83fd2e3dbb654fb8f75522b2d42bd2a75&w=626&h=470","https://mms.seloger.com/6/7/7/9/67793be8-53b9-42f2-a088-b6b29f9b0ab0.jpg?ci_seal=3d53d2ada5243330911cb8094a234ff203ac0c20&w=626&h=470","225 000 €","3 462 €/m²","Découvrez les options de financement","Appartement à vendre","3 pièces","·","2 chambres","65 m²","·","3ème étage","Le Jonquet, Toulon (83200)","Situé au sein d'une résidence sécurisée et bein entretenue, ce bel appartement T3 de 65m2 offre un cadre de vie confortable et pratique. Les atouts du bien, appartement traversant, lumineux, un séjou...","AGENCE GTI-GPI",""
"","","","","","","","","","","","","","","","","","","","","","","",""
"https://www.seloger.com/annonces/achat/appartement/toulon-83/257074703.htm?serp_view=list&search=distributionTypes%3DBuy%26estateTypes%3DHouse%2CApartment%26locations%3DPOCOFR5333%26page%3D2&sort_order_ab_test=sort_order_reference&feature_aiEnrichment=false#ln=classified_search_results&m=classified_search_results_classified_classified_detail_XL","https://mms.seloger.com/d/a/6/9/da69df3e-34fe-43cf-988b-8a46ea9badc3.jpg?ci_seal=0be3b61df3d430721da4f425f5421ad708d78be2&h=50","https://mms.seloger.com/8/9/0/3/89030699-4966-4e15-a8bf-df96684dd229.jpg?ci_seal=a6c127230798a321a42e0529ec25bf2d3359d5bc&w=626&h=470","https://mms.seloger.com/2/a/6/d/2a6dbdeb-a69f-45a1-a10a-12c59ceb2dfc.jpg?ci_seal=4b94059f881e2a7ec35daa3b6c2e06f7f86afec8&w=626&h=470","https://mms.seloger.com/d/c/d/5/dcd591a4-3b5d-4337-8bc2-3caf89ccc1ab.jpg?ci_seal=34422dd1c3d0da5af56fdece644ed261ed20aec2&w=626&h=470","1 / 11","D","https://mms.seloger.com/2/a/6/d/2a6dbdeb-a69f-45a1-a10a-12c59ceb2dfc.jpg?ci_seal=4b94059f881e2a7ec35daa3b6c2e06f7f86afec8&w=626&h=470","https://mms.seloger.com/1/9/b/4/19b4c5d1-139f-4191-9b55-aa8b517a7f46.jpg?ci_seal=e99241e50feb2d4ee220e07b95e0910bc9d5763c&w=626&h=470","https://mms.seloger.com/0/4/d/3/04d3083d-ee8f-44bf-a7f0-d2836792bc46.jpg?ci_seal=14550c3a43a022890685af8824e84923ac2ad912&w=626&h=470","1 490 000 €","9 739 €/m²","Découvrez les options de financement","Appartement à vendre","5 pièces","·","3 chambres","153 m²","·","1er étage","Toulon (83000)","APPARTEMENT D'EXCEPTION - CAP BRUN, TOULON Situé dans le quartier le plus prisé de Toulon, le Cap Brun, cet appartement rare s’inscrit au sein d’une résidence de grand standing, nichée dans un parc p...","Immo center",""
"https://www.seloger.com/annonces/achat/appartement/toulon-83/cap-brun/253265691.htm?serp_view=list&search=distributionTypes%3DBuy%26estateTypes%3DHouse%2CApartment%26locations%3DPOCOFR5333%26page%3D2&sort_order_ab_test=sort_order_reference&feature_aiEnrichment=false#ln=classified_search_results&m=classified_search_results_classified_classified_detail_XL","https://mms.seloger.com/1/2/6/4/12643f72-65c3-4e8a-a296-2b7415a7f12b.jpg?ci_seal=6436531dceb72783113374c7e8b5e081a96974e2&h=50","https://mms.seloger.com/9/5/7/7/9577297c-0721-4ba5-905b-d452c5e8e01d.jpg?ci_seal=c9de990340ee286f297361a52cfda1b589a927a0&w=626&h=470","https://mms.seloger.com/c/0/7/2/c0729a56-0ef3-4aec-9eeb-73f5a4882227.jpg?ci_seal=a5ac3f55758719781b7a612cf778dab238c61d0e&w=626&h=470","https://mms.seloger.com/0/c/a/2/0ca292df-d5fd-47a5-bbd5-e96d65a88a64.jpg?ci_seal=c22dbff34a0f0891d9a139e507b2ed356645f834&w=626&h=470","1 / 12","D","https://mms.seloger.com/c/0/7/2/c0729a56-0ef3-4aec-9eeb-73f5a4882227.jpg?ci_seal=a5ac3f55758719781b7a612cf778dab238c61d0e&w=626&h=470","https://mms.seloger.com/4/c/8/0/4c80ceee-da38-44f1-a5d0-242d0b9abf22.jpg?ci_seal=139807acfc73033e3c073e09ebf1724bf4ee06e8&w=626&h=470","https://mms.seloger.com/f/f/5/1/ff5142dc-c872-488a-86fd-4e09f8d8cddf.jpg?ci_seal=5882d2bad0ac237f40efa0dc029d402129942cf9&w=626&h=470","1 100 000 €","9 565 €/m²","Découvrez les options de financement","Appartement à vendre","3 pièces","·","2 chambres","115 m²","·","Étage 2/3","Cap Brun , Toulon (83000)","Situé dans la plus belle résidence du Cap Brun, ce superbe appartement de 115 m² vous séduira par son cadre unique et sa vue mer à couper le souffle. Nichée au cœur d’un parc privé de 2 hectares avec...","ROYAL IMMO - LA VALETTE","Exclusivité"
"https://www.seloger.com/annonces/achat/appartement/toulon-83/262267335.htm?serp_view=list&search=distributionTypes%3DBuy%26estateTypes%3DHouse%2CApartment%26locations%3DPOCOFR5333%26page%3D2&sort_order_ab_test=sort_order_reference&feature_aiEnrichment=false#ln=classified_search_results&m=classified_search_results_classified_classified_detail_XL","https://mms.seloger.com/b/7/e/d/b7edbebd-5267-40f7-b252-ca3e3197e0fd.jpg?ci_seal=20f57c1ceb0e5e23d0454a9217910c7d5546576e&h=50","https://mms.seloger.com/1/3/2/2/13227cdd-c21a-4b49-bc5c-150ae1287fac.jpg?ci_seal=b8599f7bea5870d30a2f695d6a8c1fe40bf6e083&w=626&h=470","https://mms.seloger.com/8/d/e/1/8de1d8d6-c6fb-4166-ae07-ed56a2e066a2.jpg?ci_seal=e8e15bfaba05a0cb53f48ed24db85a452b7ad026&w=626&h=470","https://mms.seloger.com/0/5/b/5/05b58de7-6cf6-4270-b724-f83b852ac511.jpg?ci_seal=7a6c9a962026d88cdb5b075979badb22bdf9355d&w=626&h=470","1 / 6","D","https://mms.seloger.com/8/d/e/1/8de1d8d6-c6fb-4166-ae07-ed56a2e066a2.jpg?ci_seal=e8e15bfaba05a0cb53f48ed24db85a452b7ad026&w=626&h=470","https://mms.seloger.com/7/f/2/a/7f2a6f6d-f7b9-4412-8e2a-2dbc755852f6.jpg?ci_seal=efa9a73493a759bba3bbe75f8f894da08d1f85fc&w=626&h=470","https://mms.seloger.com/7/2/4/5/72459995-f72a-4f6c-85a9-6da95e2cea7b.jpg?ci_seal=fca61938c6bfa75d654643068c145d4977b77633&w=626&h=470","229 000 €","2 793 €/m²","Découvrez les options de financement","Appartement à vendre","3 pièces","·","2 chambres","82 m²","·","Étage 4/7","Toulon (83000)","A Toulon, Aguillon, au 4ème étage avec ascenseur, lumineux appartement de type T3 de 82 m², entièrement rénové avec des prestations contemporaines, comprenant : cuisine ouverte, séjour de 29 m², 2 ch...","CABINET 3000",""
"https://www.selogerneuf.com/annonces/neuf/programme/toulon-83/247006451/?serp_view=list&search=distributionTypes%3DBuy%26estateTypes%3DHouse%2CApartment%26locations%3DPOCOFR5333%26page%3D2&sort_order_ab_test=sort_order_reference&unitId=258277605&feature_aiEnrichment=false#ln=classified_search_results&m=classified_search_results_classified_classified_detail_L","https://mms.seloger.com/9/4/2/1/94214c9a-1c9c-49e4-bbe9-9c156c62e049.jpg?ci_seal=f64b61ef758cf2ac82af07de80efd409ed108265&h=50","https://mms.seloger.com/5/d/a/e/5daeeb88-b2e9-4580-8c3e-c639172f81f3.jpg?ci_seal=0288cc4a4d18a880f0eded1af8e01cafb2bebf11&w=525&h=394","https://mms.seloger.com/d/b/e/e/dbeeec80-7693-4a90-973f-ef56c93a287c.jpg?ci_seal=2d6ecfc2a86c89612cae4032c62a1db495fc3149&w=525&h=394","https://mms.seloger.com/3/d/4/c/3d4c7f36-c27e-4868-a4bb-cda7a870948f.jpg?ci_seal=1b745209bebab0c1b205702741175796ce4e6a01&w=525&h=394","1 / 3","","","","","254 519 €","4 232 €/m²","","Appartement à vendre - neuf","3 pièces","·","60,1 m²","2ème étage","·","dès le 30/06/2028","Valbertrand, Toulon (83200)","À Toulon, dans le quartier de Bonfante-Florane apprécié pour sa tranquillité, découvrez une résidence signée Urbat, composée de 48 appartements du 2 au 4 pièces. À moins de 10 minutes des plages, du ...","URBAT PROMOTION","À voir sur SeLoger Neuf"
"","","","","","","","","","","","","","","","","","","","","","","",""
"https://www.bellesdemeures.com/262249269/detail.htm?serp_view=list&search=distributionTypes%3DBuy%26estateTypes%3DHouse%2CApartment%26locations%3DPOCOFR5333%26page%3D2&sort_order_ab_test=sort_order_reference&feature_aiEnrichment=false#ln=classified_search_results&m=classified_search_results_classified_classified_detail_L","https://mms.seloger.com/5/a/9/4/5a94cc48-7490-4a8a-a214-a6c7ec36ab04.jpg?ci_seal=7ec45ab33cbbd485fdac2ae3fd10534be4c5f329&h=50","https://mms.seloger.com/f/0/f/a/f0fa39ce-ea89-4e3f-a04f-6a453346187d.jpg?ci_seal=54efdaabfcdc3d32f64807d6a8970f498c32558f&w=525&h=394","","","1 / 1","C","","","","2 484 000 €","15 055 €/m²","","Maison à vendre","6 pièces","·","3 chambres","165 m²","·","1 400 m² de terrain","Cap Brun , Toulon (83000)","Située au coeur du très recherché quartier du Cap Brun à Toulon, cette villa des années 30 s'impose comme une pièce rare de l'immobilier de prestige dans le Var. Déployant environ 165 m² sur une parc...","ESPACES ATYPIQUES TOULON","À voir sur Belles Demeures"
"https://www.bellesdemeures.com/261767017/detail.htm?serp_view=list&search=distributionTypes%3DBuy%26estateTypes%3DHouse%2CApartment%26locations%3DPOCOFR5333%26page%3D2&sort_order_ab_test=sort_order_reference&feature_aiEnrichment=false#ln=classified_search_results&m=classified_search_results_classified_classified_detail_XL","https://mms.seloger.com/5/a/9/4/5a94cc48-7490-4a8a-a214-a6c7ec36ab04.jpg?ci_seal=7ec45ab33cbbd485fdac2ae3fd10534be4c5f329&h=50","https://mms.seloger.com/6/3/8/0/6380ca99-c527-4528-8a11-85f28cbc1b23.jpg?ci_seal=9593016b70c7fa627f11d6d22c8eb4232f4df66a&w=626&h=470","https://mms.seloger.com/7/a/4/1/7a41f265-a540-4ac9-8035-6a3d908b9cea.jpg?ci_seal=9422d9beb23798b99fa00f281e00c299e810a4c2&w=626&h=470","https://mms.seloger.com/d/0/1/0/d01075e6-55e2-46ad-bacc-9ba7ac0f484d.jpg?ci_seal=5ccccf0f157f25666a1518e0510880292628dcb5&w=626&h=470","1 / 8","","https://mms.seloger.com/7/a/4/1/7a41f265-a540-4ac9-8035-6a3d908b9cea.jpg?ci_seal=9422d9beb23798b99fa00f281e00c299e810a4c2&w=626&h=470","https://mms.seloger.com/d/3/c/3/d3c36de8-9aca-4d01-ac8b-7d7de45e6c62.jpg?ci_seal=c06fd110d21c6a45a75e36aa53d1cc57d6843dff&w=626&h=470","https://mms.seloger.com/0/7/e/e/07eebcd9-30f1-4d5f-a7bc-853adb467258.jpg?ci_seal=85453f32ae94adae71a7441599f1bfb9d338df5c&w=626&h=470","575 000 €","3 639 €/m²","Découvrez les options de financement","Appartement à vendre","6 pièces","·","3 chambres","158 m²","·","Étage 2/4","Place d'Armes, Toulon (83000)","Idéalement niché au coeur de Toulon, cet appartement d'exception prend place au deuxième étage d'un immeuble emblématique des années 30. Une signature architecturale unique Dès l'arrivée, le regard e...","ESPACES ATYPIQUES TOULON","À voir sur Belles Demeures"
"https://www.seloger.com/annonces/achat/appartement/toulon-83/262566591.htm?serp_view=list&search=distributionTypes%3DBuy%26estateTypes%3DHouse%2CApartment%26locations%3DPOCOFR5333%26page%3D2&sort_order_ab_test=sort_order_reference&feature_aiEnrichment=false#ln=classified_search_results&m=classified_search_results_classified_classified_detail_XL","https://mms.seloger.com/8/e/0/0/8e0043b9-8292-43dc-a8ba-b975e7b1ad7b.jpg?ci_seal=2a67bd3909faeebc594a7e075770d501bd9ddb6a&h=50","https://mms.seloger.com/a/9/c/a/a9ca04f9-f48b-467f-b177-25348bd1f3aa.jpg?ci_seal=2d036bb41c1f078fb7cc69b150cfb0d7efe55a25&w=626&h=470","https://mms.seloger.com/e/f/9/f/ef9f8b99-1cda-43ec-a789-f86deba614e5.jpg?ci_seal=5e6ec404f135422463bc1222b1ab52e903bea43c&w=626&h=470","https://mms.seloger.com/9/8/5/f/985f9397-edf2-4dd9-b514-5b5e79cb2fa0.jpg?ci_seal=31d1eb76df713e1259df42cfb3cefe085316cd7f&w=626&h=470","1 / 4","C","https://mms.seloger.com/e/f/9/f/ef9f8b99-1cda-43ec-a789-f86deba614e5.jpg?ci_seal=5e6ec404f135422463bc1222b1ab52e903bea43c&w=626&h=470","https://mms.seloger.com/7/c/c/0/7cc09067-e5d1-45ab-a8f9-4493a918d153.jpg?ci_seal=d2dab044dd5efbf370f5b010bb94e1701cb7a76c&w=626&h=470","https://mms.seloger.com/9/8/5/f/985f9397-edf2-4dd9-b514-5b5e79cb2fa0.jpg?ci_seal=31d1eb76df713e1259df42cfb3cefe085316cd7f&w=626&h=470","160 000 €","4 848 €/m²","Découvrez les options de financement","Appartement à vendre","2 pièces","·","1 chambre","33 m²","·","Étage 4/4","Mourillon-Sud, Toulon (83000)","Au coeur du typique quartier du mourillon à Toulon et à 300m de la plage de la mitre ce T2 entierement renové est un vrai coup de coeur . Ideal pour une residence principale ou pour un investissement...","ACOR'IMMO","Exclusivité"
"https://www.seloger.com/annonces/achat/maison/toulon-83/259930759.htm?serp_view=list&search=distributionTypes%3DBuy%26estateTypes%3DHouse%2CApartment%26locations%3DPOCOFR5333%26page%3D2&sort_order_ab_test=sort_order_reference&feature_aiEnrichment=false#ln=classified_search_results&m=classified_search_results_classified_classified_detail_XL","https://mms.seloger.com/e/2/7/5/e275e615-77a9-4afc-b798-fff9e7ab8513.jpg?ci_seal=8a1f5575fc2c244eab78bdaa0e33825611709ddd&h=50","https://mms.seloger.com/f/b/9/4/fb941b5a-2147-4811-8cf6-a6506971c6f8.jpg?ci_seal=8bd67e2c75cbb090e7d678bb6ef313e12ee6c844&w=626&h=470","https://mms.seloger.com/1/b/3/1/1b31ce4f-8e29-4467-9baf-c88c34abf9dc.jpg?ci_seal=caaa73e435edc1b495db25a54450ca56f302b915&w=626&h=470","https://mms.seloger.com/b/e/e/a/beea418b-2c14-4217-bcca-430f67066d18.jpg?ci_seal=226f93efea8334c08ff92befb67b5d3fc5d5d10a&w=626&h=470","1 / 15","D","https://mms.seloger.com/1/b/3/1/1b31ce4f-8e29-4467-9baf-c88c34abf9dc.jpg?ci_seal=caaa73e435edc1b495db25a54450ca56f302b915&w=626&h=470","https://mms.seloger.com/3/a/d/d/3add4f53-97e2-4c3f-8338-940dc088e517.jpg?ci_seal=86043dd5c3bb957b969db01e3ffff24b231c89f9&w=626&h=470","https://mms.seloger.com/f/b/1/5/fb157504-b63e-4546-8c5d-579bf498933c.jpg?ci_seal=8dbc687cea27c529373d47b55aa5506e2b709b5e&w=626&h=470","880 000 €","5 605 €/m²","Investissez dans l'immobilier","Villa à vendre","6 pièces","·","4 chambres","157 m²","·","1 450 m² de terrain","Toulon (83200)","TOULON OUEST LES BONNES HERBES Dans un quartier recherché de Toulon Ouest, au calme absolu, découvrez cette superbe villa de type 6, entièrement refaite à neuf avec des prestations haut de gamme, édi...","AGENCE BETHAUSER",""
"https://www.seloger.com/annonces/achat/maison/toulon-83/notre-dame-des-routes/251303447.htm?serp_view=list&search=distributionTypes%3DBuy%26estateTypes%3DHouse%2CApartment%26locations%3DPOCOFR5333%26page%3D2&sort_order_ab_test=sort_order_reference&feature_aiEnrichment=false#ln=classified_search_results&m=classified_search_results_classified_classified_detail_XL","https://mms.seloger.com/8/e/0/0/8e0043b9-8292-43dc-a8ba-b975e7b1ad7b.jpg?ci_seal=2a67bd3909faeebc594a7e075770d501bd9ddb6a&h=50","https://mms.seloger.com/a/7/7/6/a7767692-0e0e-4ea0-8daa-9b98a382a2a7.jpg?ci_seal=6ea255c39aeb4d3149dd3baf1081c3a59c2a74a4&w=626&h=470","https://mms.seloger.com/3/b/1/2/3b12a01e-69aa-43cb-9253-1939055c7cba.jpg?ci_seal=b793590eb7ff4fc33241e32ee9ff6e1d9548504f&w=626&h=470","https://mms.seloger.com/4/9/4/5/49453dae-5673-4ed2-92f8-a4ab6ab0c21a.jpg?ci_seal=49eb0bfecff3b67897b719ccd60511eb8236e000&w=626&h=470","1 / 7","E","https://mms.seloger.com/3/b/1/2/3b12a01e-69aa-43cb-9253-1939055c7cba.jpg?ci_seal=b793590eb7ff4fc33241e32ee9ff6e1d9548504f&w=626&h=470","https://mms.seloger.com/4/c/1/3/4c13cff4-ea03-4b64-8d30-c72e130c97cc.jpg?ci_seal=ff16f5e3f87c474e4126a8b78da065398fa1390a&w=626&h=470","https://mms.seloger.com/8/2/a/9/82a9a709-1e99-42a6-b695-4d046ad29818.jpg?ci_seal=27e50bc268a167964884f4d4183f04168c65e2ff&w=626&h=470","478 800 €","4 237 €/m²","Découvrez les options de financement","Maison à vendre","5 pièces","·","3 chambres","113 m²","·","833 m² de terrain","Notre Dame des Routes, Toulon (83000)","Vous revez de vivre dans la colline dans une ambiance Marcel Pagnol, cette maison est faite pour vous . Proche de toutes les commodités , à 15 minutes du centre ville de Toulon et à 5 minutes du vill...","ACOR'IMMO",""
"","","","","","","","","","","","","","","","","","","","","","","",""
"https://www.seloger.com/annonces/achat/maison/toulon-83/258559999.htm?serp_view=list&search=distributionTypes%3DBuy%26estateTypes%3DHouse%2CApartment%26locations%3DPOCOFR5333%26page%3D2&sort_order_ab_test=sort_order_reference&feature_aiEnrichment=false#ln=classified_search_results&m=classified_search_results_classified_classified_detail_XL","https://mms.seloger.com/c/1/2/6/c1266890-5c3b-4526-9454-eeb3ebf1e58f.jpg?ci_seal=8f4b3db0f4187673cd27f3545a995e7a1e354eff&h=50","https://mms.seloger.com/5/6/7/8/56786bff-aecf-43c9-8aa4-e93082c3a83d.jpg?ci_seal=3743ef73f7b3a24c2e7ee1968b641d02965f83b2&w=626&h=470","https://mms.seloger.com/e/d/2/6/ed26e4ef-53c2-443e-89cb-f9427f1e615e.jpg?ci_seal=430df450e912c8f65a0c648461ef6eb3a9a02744&w=626&h=470","https://mms.seloger.com/d/7/f/f/d7ff9749-d0d9-4887-b81e-dbfdd206e7cb.jpg?ci_seal=a35ab97b1896ebd99a887f8ce6e762ca626a9e88&w=626&h=470","1 / 14","C","https://mms.seloger.com/e/d/2/6/ed26e4ef-53c2-443e-89cb-f9427f1e615e.jpg?ci_seal=430df450e912c8f65a0c648461ef6eb3a9a02744&w=626&h=470","https://mms.seloger.com/9/b/9/b/9b9b0a08-5975-4b6c-8ab6-bf60900fda59.jpg?ci_seal=bc46f3f4e26ee8aa8e3b479a0f7499c0544c6182&w=626&h=470","https://mms.seloger.com/f/8/1/2/f812a703-4953-437d-8b49-1ff64ae0923b.jpg?ci_seal=698692f907a3c81595cf83830bb28db7f45772fb&w=626&h=470","473 000 €","5 565 €/m²","Découvrez les options de financement","Maison à vendre","4 pièces","·","2 chambres","85 m²","·","333 m² de terrain","Toulon (83000)","Dans une impasse très calme entre le cap brun et la serinette. Maison entièrement rénovée composée d'une pièce à vivre, d'une suite parentale avec salle d'eau et wc, d'une autre partie comprenant une...","Immobilière du Cap Brun","Exclusivité"
"https://www.bellesdemeures.com/245353603/detail.htm?serp_view=list&search=distributionTypes%3DBuy%26estateTypes%3DHouse%2CApartment%26locations%3DPOCOFR5333%26page%3D2&sort_order_ab_test=sort_order_reference&feature_aiEnrichment=false#ln=classified_search_results&m=classified_search_results_classified_classified_detail_XL","https://mms.seloger.com/c/2/1/3/c2131624-9a99-4bc7-8569-55da76e6427e.jpg?ci_seal=73ed2535226ca230d07e37d1ab2b625059c4bb13&h=50","https://mms.seloger.com/4/7/e/a/47eaccf9-4852-4e82-9a7e-8b37fb19385f.jpg?ci_seal=afa1f18f23709ff59d4fafcbcb301cd3fc4423fe&w=626&h=470","https://mms.seloger.com/d/8/3/2/d832500c-6f01-4f8e-ae46-e21117a4bff4.jpg?ci_seal=460376e4d561bea6e2898beb2e7e4d0f87182f0e&w=626&h=470","https://mms.seloger.com/4/4/8/5/448589a4-5982-494d-b213-8cde5edab318.jpg?ci_seal=9e58b8a76cfb832bcb377d5a7b6572ebdb0dc825&w=626&h=470","1 / 18","G","https://mms.seloger.com/d/8/3/2/d832500c-6f01-4f8e-ae46-e21117a4bff4.jpg?ci_seal=460376e4d561bea6e2898beb2e7e4d0f87182f0e&w=626&h=470","https://mms.seloger.com/f/0/2/5/f0256875-3ec0-4d60-a962-56250174e3a2.jpg?ci_seal=1822997f1074fb03da8199173883da115c108cdc&w=626&h=470","https://mms.seloger.com/c/a/e/6/cae6818a-a6a5-4700-b590-483d25789886.jpg?ci_seal=f770b79c3535fcd285fa339bb5ccd544c7af842e&w=626&h=470","1 598 000 €","6 658 €/m²","Découvrez les options de financement","Villa à vendre","7 pièces","·","5 chambres","240 m²","·","6 300 m² de terrain","Claret, Toulon (83200)","TOULON FARON MAGNIFIQUE VILLA D'ARCHITECTE VUE MER édifiée en 1963 sur une parcelle de plus de 6300m² de terrain au calme et bénéficiant d'une magnifique vue mer panoramique orientée Sud-Ouest. La vi...","CANAT & WARTON - TOULON","À voir sur Belles Demeures"
"https://www.selogerneuf.com/annonces/neuf/programme/toulon-83/247006451/?serp_view=list&search=distributionTypes%3DBuy%26estateTypes%3DHouse%2CApartment%26locations%3DPOCOFR5333%26page%3D2&sort_order_ab_test=sort_order_reference&unitId=258508015&feature_aiEnrichment=false#ln=classified_search_results&m=classified_search_results_classified_classified_detail_L","https://mms.seloger.com/9/4/2/1/94214c9a-1c9c-49e4-bbe9-9c156c62e049.jpg?ci_seal=f64b61ef758cf2ac82af07de80efd409ed108265&h=50","https://mms.seloger.com/6/1/5/5/6155d384-b082-4d67-8b96-2d6b746bc33b.jpg?ci_seal=cb02357eeb1a7921a27d7dbc4e85fc9249c2b6fc&w=525&h=394","https://mms.seloger.com/a/c/4/2/ac42dcd7-9fad-43bf-ae01-d1df4820b296.jpg?ci_seal=5716afcf441cc248347398cc876e1249b17dd961&w=525&h=394","https://mms.seloger.com/d/5/7/b/d57bc62c-361e-47d5-9ed3-95f3d514b03c.jpg?ci_seal=3c6bacbd9a2c81b7fd0e0c59c54dcaa437a4b76c&w=525&h=394","1 / 3","","","","","334 963 €","4 110 €/m²","","Appartement à vendre - neuf","4 pièces","·","81,5 m²","3ème étage","·","dès le 30/06/2028","Valbertrand, Toulon (83200)","À Toulon, dans le quartier de Bonfante-Florane apprécié pour sa tranquillité, découvrez une résidence signée Urbat, composée de 48 appartements du 2 au 4 pièces. À moins de 10 minutes des plages, du ...","URBAT PROMOTION","À voir sur SeLoger Neuf"
"https://www.seloger.com/annonces/achat/appartement/toulon-83/256438387.htm?serp_view=list&search=distributionTypes%3DBuy%26estateTypes%3DHouse%2CApartment%26locations%3DPOCOFR5333%26page%3D2&sort_order_ab_test=sort_order_reference&feature_aiEnrichment=false#ln=classified_search_results&m=classified_search_results_classified_classified_detail_XL","https://mms.seloger.com/d/a/6/9/da69df3e-34fe-43cf-988b-8a46ea9badc3.jpg?ci_seal=0be3b61df3d430721da4f425f5421ad708d78be2&h=50","https://mms.seloger.com/4/d/0/2/4d024cba-a24c-4f3f-892e-02ca31197576.jpg?ci_seal=6a729a0186b490190fa21553d3b11e1073f43f18&w=626&h=470","https://mms.seloger.com/9/c/6/2/9c62139a-c4c3-42e9-85a5-4f7e83cf5631.jpg?ci_seal=b6f5e00b37730d5920e89e43bfbaa326a2da5c5d&w=626&h=470","https://mms.seloger.com/7/b/5/b/7b5b5468-3c41-4306-a585-92bca8d9a350.jpg?ci_seal=54e332c03ae66046d00c4fa32e1c53da7021dc71&w=626&h=470","1 / 6","D","https://mms.seloger.com/9/c/6/2/9c62139a-c4c3-42e9-85a5-4f7e83cf5631.jpg?ci_seal=b6f5e00b37730d5920e89e43bfbaa326a2da5c5d&w=626&h=470","https://mms.seloger.com/9/6/c/2/96c25343-6c07-4f9a-9115-e17e3358344a.jpg?ci_seal=d1cdd2e6ebc8fd5064856a8e532c5202e4d4ef99&w=626&h=470","https://mms.seloger.com/8/2/4/a/824afb0f-8d57-4ffe-9886-1e3187a3d1bc.jpg?ci_seal=ece32f48826539160033455487b606eb9b82f844&w=626&h=470","95 000 €","3 519 €/m²","Découvrez les options de financement","Appartement à vendre","1 pièce","·","27 m²","1er étage","","","Toulon (83000)","EXCLUSIVITE - Dans un immeuble très bien entretenu, situé entre le port marchand et le mourillon, beau studio de 27m2 rénové il y a un an. Une grande pièce à vivre de 21m2 orienté SUD avec coin cuisi...","Immo center","Exclusivité"
"","","","","","","","","","","","","","","499 569 €","","","","","","","","",""
"https://www.seloger.com/annonces/achat/appartement/toulon-83/champ-de-mars/261188691.htm?serp_view=list&search=distributionTypes%3DBuy%26estateTypes%3DHouse%2CApartment%26locations%3DPOCOFR5333%26page%3D2&sort_order_ab_test=sort_order_reference&feature_aiEnrichment=false#ln=classified_search_results&m=classified_search_results_classified_classified_detail_XL","https://mms.seloger.com/d/b/b/7/dbb74622-baaf-4d7d-90e1-78e942797465.jpg?ci_seal=59010a8a3ef7e80678839d6cf5b5ff88a6155f9d&h=50","https://mms.seloger.com/8/c/3/6/8c36bb84-c79b-4557-a2d0-da3faeb3607b.jpg?ci_seal=5395066d6913bef71d8d9d38225ef4cac2e516b7&w=626&h=470","https://mms.seloger.com/2/7/e/3/27e39c0c-1b63-4fbe-880a-675b63abc954.jpg?ci_seal=2c732b040d4efd53d3ddc250d72e9eb6b4e9dc8a&w=626&h=470","https://mms.seloger.com/e/f/b/2/efb2738c-dd39-412e-83d0-3298f92908e4.jpg?ci_seal=572c21dcb8e758c540a54410e5651c46d538c8b7&w=626&h=470","1 / 7","D","https://mms.seloger.com/2/7/e/3/27e39c0c-1b63-4fbe-880a-675b63abc954.jpg?ci_seal=2c732b040d4efd53d3ddc250d72e9eb6b4e9dc8a&w=626&h=470","https://mms.seloger.com/f/e/0/4/fe04434e-3e96-431c-a775-0b52f582c3d4.jpg?ci_seal=a923f210810c7a333f7196c103004afc9ca8469f&w=626&h=470","https://mms.seloger.com/f/1/7/9/f179b6b6-0016-4619-9436-6b819eaf7f60.jpg?ci_seal=1e1f911f428dc2b5f5ad03ae5864f4f7cce92f0e&w=626&h=470","259 000 €","2 643 €/m²","Investissez dans l'immobilier","Appartement à vendre","4 pièces","·","2 chambres","98 m²","·","7ème étage","Champ de Mars, Toulon (83000)","A deux pas de tous les commerces et commodités, ce magnifique appartement de 98m2 séduit par ses volumes et sa luminosité. Il offre deux belles chambres, possibilité de créer une troisième, un grand ...","AGENCE GTI-GPI","Exclusivité"
"https://www.seloger.com/annonces/achat/maison/toulon-83/257833415.htm?serp_view=list&search=distributionTypes%3DBuy%26estateTypes%3DHouse%2CApartment%26locations%3DPOCOFR5333%26page%3D2&sort_order_ab_test=sort_order_reference&feature_aiEnrichment=false#ln=classified_search_results&m=classified_search_results_classified_classified_detail_XL","https://mms.seloger.com/e/2/7/5/e275e615-77a9-4afc-b798-fff9e7ab8513.jpg?ci_seal=8a1f5575fc2c244eab78bdaa0e33825611709ddd&h=50","https://mms.seloger.com/9/c/b/1/9cb1fbb4-68dc-4d93-a1ca-bba832608c02.jpg?ci_seal=169f1efbc921ae79aa6357f29a95d91ee169913d&w=626&h=470","https://mms.seloger.com/7/3/9/0/7390d0b8-a562-4347-a90e-f5b514aa90fe.jpg?ci_seal=bad87c3799cdb4f46c73c534387ee25e65b98a2f&w=626&h=470","https://mms.seloger.com/5/6/e/d/56ed72f9-3da0-48a6-825f-0a98b42ddd08.jpg?ci_seal=bcf56a5bb1b2839ad1b77ce401546effb677dc20&w=626&h=470","1 / 14","C","https://mms.seloger.com/7/3/9/0/7390d0b8-a562-4347-a90e-f5b514aa90fe.jpg?ci_seal=bad87c3799cdb4f46c73c534387ee25e65b98a2f&w=626&h=470","https://mms.seloger.com/6/4/6/6/6466e381-a5d8-4450-9ab2-3e86ecc26621.jpg?ci_seal=a1dbf060115a4d9e8144604b19ef8e8df29d96f7&w=626&h=470","https://mms.seloger.com/8/9/7/4/89748be2-7a43-4b83-a643-4e2d31d5870d.jpg?ci_seal=af66b42e8f2464ab9d675807fef37b4202571548&w=626&h=470","725 000 €","5 370 €/m²","Découvrez les options de financement","Villa à vendre","5 pièces","·","3 chambres","135 m²","·","798 m² de terrain","Toulon (83200)","TOULON-VALBERTRAND : Villa de type 5 de 135 m² habitables, comprenant au rez-de-chaussée : salle à manger ouverte sur l'extérieur, salon, cuisine ouverte, une chambre, un coin bureau et un WC. À l'ét...","AGENCE BETHAUSER",""
"https://www.seloger.com/annonces/achat/appartement/toulon-83/mourillon-centre/249200591.htm?serp_view=list&search=distributionTypes%3DBuy%26estateTypes%3DHouse%2CApartment%26locations%3DPOCOFR5333%26page%3D2&sort_order_ab_test=sort_order_reference&feature_aiEnrichment=false#ln=classified_search_results&m=classified_search_results_classified_classified_detail_XL","https://mms.seloger.com/1/2/6/4/12643f72-65c3-4e8a-a296-2b7415a7f12b.jpg?ci_seal=6436531dceb72783113374c7e8b5e081a96974e2&h=50","https://mms.seloger.com/4/9/7/e/497e5b22-6adb-4313-a741-02345e7201f7.jpg?ci_seal=5704e5a34d38be30df018ef41eabefa1f807d88c&w=626&h=470","https://mms.seloger.com/9/6/5/6/965634cf-150a-41a1-a7bf-b4771be6916a.jpg?ci_seal=96603b7aa4982acc639f8475164b6367786cfb1f&w=626&h=470","https://mms.seloger.com/c/4/0/1/c401f643-d875-4440-a33e-0c1ee3c1f064.jpg?ci_seal=41d5ab40af039331720dfa03154039f4e31ce6d4&w=626&h=470","1 / 7","C","https://mms.seloger.com/9/6/5/6/965634cf-150a-41a1-a7bf-b4771be6916a.jpg?ci_seal=96603b7aa4982acc639f8475164b6367786cfb1f&w=626&h=470","https://mms.seloger.com/9/7/7/a/977a0675-8e2f-4122-be1d-47361ef31f6e.jpg?ci_seal=e7fac0ab3be2466acaa0d2d70e00b7e1eef0d7a9&w=626&h=470","https://mms.seloger.com/b/9/8/c/b98c71ca-25c2-45aa-b8cb-5e141c52f112.jpg?ci_seal=0d246e28f0eaae505eef3c158bf10ceb89d59350&w=626&h=470","230 000 €","4 508 €/m²","Découvrez les options de financement","Appartement à vendre","2 pièces","·","1 chambre","51 m²","·","Étage 2/3","Mourillon-Centre, Toulon (83000)","Au cœur du Mourillon, à deux pas des plages et des commerces, découvrez ce bel appartement traversant de 54 m² situé dans une petite copropriété de seulement 4 lots. Lumineux et fonctionnel, il offre...","ROYAL IMMO - LA VALETTE",""
"https://www.seloger.com/annonces/achat/appartement/toulon-83/259104483.htm?serp_view=list&search=distributionTypes%3DBuy%26estateTypes%3DHouse%2CApartment%26locations%3DPOCOFR5333%26page%3D2&sort_order_ab_test=sort_order_reference&feature_aiEnrichment=false#ln=classified_search_results&m=classified_search_results_classified_classified_detail_XL","https://mms.seloger.com/5/8/2/e/582e481d-7a17-4fde-8c4a-fa26bca925ab.jpg?ci_seal=baad8adaec6b1682d2a38d9ff86106a858ff19a2&h=50","https://mms.seloger.com/b/d/0/e/bd0e9b54-2d98-4b28-ba74-13f4edc23af9.jpg?ci_seal=a31fd5bec7467deb87be81b8894a4549a561b9b9&w=626&h=470","https://mms.seloger.com/3/7/f/8/37f86100-7d20-491c-9140-93cd78d08112.jpg?ci_seal=6371d7cb016bc57c4f4c11da67821127f8090877&w=626&h=470","https://mms.seloger.com/8/f/1/a/8f1a4b5c-a022-4d17-a625-40a077f8558f.jpg?ci_seal=756c2ba8a9095718c17ea114b438a75249a60386&w=626&h=470","1 / 8","C","https://mms.seloger.com/3/7/f/8/37f86100-7d20-491c-9140-93cd78d08112.jpg?ci_seal=6371d7cb016bc57c4f4c11da67821127f8090877&w=626&h=470","https://mms.seloger.com/e/d/5/7/ed57b2c7-8267-4972-a5d8-bbbd30a7b4b7.jpg?ci_seal=6d53416f5f08178d1215d51b2d25b3364631ec4a&w=626&h=470","https://mms.seloger.com/3/e/d/3/3ed3dd46-65a5-4794-9ff4-646d70bcb2c5.jpg?ci_seal=96aedd12a8efb49cdbfc27b95e9db89542c5ff1b&w=626&h=470","370 000 €","4 302 €/m²","Découvrez les options de financement","Appartement à vendre","3 pièces","·","2 chambres","86 m²","·","RDC/5","Toulon (83000)","A vendre à TOULON, situé en rez-de-chaussée dans l’un des secteurs les plus prisés de la Haute Ville de Toulon, ce loft d’exception entièrement rénové et meublé développe une surface de 86 m². Il off...","GAMBETTA IMMOBILIER",""
"","","","","","","","","","","","","","","","","","","","","","","",""
"https://www.seloger.com/annonces/achat/appartement/toulon-83/notre-dame-des-routes/258296013.htm?serp_view=list&search=distributionTypes%3DBuy%26estateTypes%3DHouse%2CApartment%26locations%3DPOCOFR5333%26page%3D2&sort_order_ab_test=sort_order_reference&feature_aiEnrichment=false#ln=classified_search_results&m=classified_search_results_classified_classified_detail_XL","https://mms.seloger.com/a/d/b/9/adb9b5f1-9d6d-40f3-aafe-6833aa7415ea.jpg?ci_seal=dd895eb34d5d42f424ba7413c2a6c354858120ed&h=50","https://mms.seloger.com/9/e/3/f/9e3f4ea8-7954-4418-8a5f-0b1dfc13604c.jpg?ci_seal=b03c462c9b7a65d50bb83a491c1a84f891ff924e&w=626&h=470","https://mms.seloger.com/f/8/1/3/f813c510-4293-4386-ab62-fdded46fd028.jpg?ci_seal=87265118e2736314b4fb89d65e592d1448331e1f&w=626&h=470","https://mms.seloger.com/e/2/c/7/e2c753c4-cd56-438d-bedc-a17e7314f5e2.jpg?ci_seal=8ffca10418db8f90fe9466f95d8c3157dd1d483d&w=626&h=470","1 / 7","E","https://mms.seloger.com/f/8/1/3/f813c510-4293-4386-ab62-fdded46fd028.jpg?ci_seal=87265118e2736314b4fb89d65e592d1448331e1f&w=626&h=470","https://mms.seloger.com/b/2/f/5/b2f5f793-697b-4a23-bb2a-27fe72a53b36.jpg?ci_seal=a63824b80db3b1bbb8090289ad9d9328b024a2b8&w=626&h=470","https://mms.seloger.com/8/0/6/b/806b1976-4c94-4da0-9f40-8a8eaeb9fddd.jpg?ci_seal=d069c41322c9bf36131224c17d63ab7fc31c336f&w=626&h=470","226 000 €","3 531 €/m²","Découvrez les options de financement","Appartement à vendre","4 pièces","·","2 chambres","64 m²","·","Étage 2/2","Notre Dame des Routes, Toulon (83200)","REF 3055- 4 CHEMINS DES ROUTES - VENTE APPARTEMENT TYPE 4 DE 64 M² - BALCON - CAVE - PARKINGS L'Agence immobilière G.I.O., vous présente sur le Secteur des 4 CHEMINS, à proximité des commodités et de...","Agence GIO",""
"https://www.seloger.com/annonces/achat/maison/toulon-83/valbertrand/257254113.htm?serp_view=list&search=distributionTypes%3DBuy%26estateTypes%3DHouse%2CApartment%26locations%3DPOCOFR5333%26page%3D2&sort_order_ab_test=sort_order_reference&feature_aiEnrichment=false#ln=classified_search_results&m=classified_search_results_classified_classified_detail_XL","https://mms.seloger.com/a/d/b/9/adb9b5f1-9d6d-40f3-aafe-6833aa7415ea.jpg?ci_seal=dd895eb34d5d42f424ba7413c2a6c354858120ed&h=50","https://mms.seloger.com/4/5/5/a/455afb78-8ad4-4cbb-8db7-1eab51d18604.jpg?ci_seal=1e689f7023d0df3e6669c6c1d7c4df14315764ed&w=626&h=470","https://mms.seloger.com/3/b/c/0/3bc00a5b-3e93-418f-8699-69d30aaeea8e.jpg?ci_seal=f228f5405778f195bce22deab6969122bc5df701&w=626&h=470","https://mms.seloger.com/0/0/b/0/00b06147-3382-4bf9-874e-df485310d44b.jpg?ci_seal=620cee070aeec8e775562be29047f29df2d8dc7f&w=626&h=470","1 / 8","A","https://mms.seloger.com/3/b/c/0/3bc00a5b-3e93-418f-8699-69d30aaeea8e.jpg?ci_seal=f228f5405778f195bce22deab6969122bc5df701&w=626&h=470","https://mms.seloger.com/0/a/6/d/0a6dcd41-1479-4d2a-a93c-8031fe5ffb72.jpg?ci_seal=9fcfbc548f813f7999c7b81b9e9ddc5665ea4907&w=626&h=470","https://mms.seloger.com/f/7/9/9/f7992710-f9c3-4131-8861-14d49d6336e7.jpg?ci_seal=70195e70f978c83e4010cb3a3eb074dd9699f8a8&w=626&h=470","425 000 €","5 120 €/m²","Découvrez les options de financement","Villa à vendre","4 pièces","·","3 chambres","83 m²","·","330 m² de terrain","Valbertrand, Toulon (83200)","REF 2959 - LES 4 CHEMINS - VILLA T4 DE 83M² - TERRAIN 330 M² - TERRASSE - PARKING INTERIEUR- GARAGE L'Agence immobilière G.I.O., installée aux 4 CHEMINS, vous présente sur le secteur résidentiel DES ...","Agence GIO",""
"https://www.selogerneuf.com/annonces/neuf/programme/toulon-83/249859347/?serp_view=list&search=distributionTypes%3DBuy%26estateTypes%3DHouse%2CApartment%26locations%3DPOCOFR5333%26page%3D2&sort_order_ab_test=sort_order_reference&unitId=250618315&feature_aiEnrichment=false#ln=classified_search_results&m=classified_search_results_classified_classified_detail_L","https://mms.seloger.com/3/1/3/4/3134c593-3f2e-4fd9-879e-276fede9013d.jpg?ci_seal=a9ef1a72c4c7472df04a22545f85a38ab7a9c555&h=50","https://mms.seloger.com/e/c/c/e/ecce8d84-98b3-4b2c-ac48-9df7d9ce54d9.jpg?ci_seal=a37c550268c15aee8b484f404d9180648b9d6130&w=525&h=394","https://mms.seloger.com/d/4/2/c/d42c48d1-587b-40e9-b994-739228eedc8b.jpg?ci_seal=371ab3f63995c3a243eb1036cb9a235645aaa28d&w=525&h=394","https://mms.seloger.com/7/7/b/3/77b3601f-1a5e-4405-89d8-109259e76e3b.jpg?ci_seal=d3ba9a0bfbdb837f1e10287e7a80c7c3f08ea809&w=525&h=394","1 / 3","","","","","314 000 €","3 494 €/m²","","Villa à vendre - neuf","4 pièces","·","3 chambres","89,9 m²","·","dès le 31/12/2027","Pont de Suve-Collet de Gipon, Toulon (83100)","Franchissez le magnifique portail du DOMAINE DE CAMPION et découvrez une résidence moderne nichée au cœur d’un parc clos d’exception. Platanes centenaires et essences singulières composent un écrin d...","SEGEPRIM","À voir sur SeLoger Neuf"
"https://www.seloger.com/annonces/achat/appartement/toulon-83/260972071.htm?serp_view=list&search=distributionTypes%3DBuy%26estateTypes%3DHouse%2CApartment%26locations%3DPOCOFR5333%26page%3D2&sort_order_ab_test=sort_order_reference&feature_aiEnrichment=false#ln=classified_search_results&m=classified_search_results_classified_classified_detail_XL","https://mms.seloger.com/1/f/c/5/1fc568fa-eca8-4f89-ae57-284d6146c849.jpg?ci_seal=990b2701c0e42a96065c4d3ab84c88ae39cf4cf2&h=50","https://mms.seloger.com/3/f/c/8/3fc88608-8372-498c-b391-76d5ab1d124b.jpg?ci_seal=5e1262354b2e63a573fffc808413f726dfcd0ebe&w=626&h=470","https://mms.seloger.com/4/c/2/2/4c22362b-293d-44c6-9a3e-258672240538.jpg?ci_seal=cc6f0ef4cf0dce534799a465b71d86b2600d7341&w=626&h=470","https://mms.seloger.com/f/2/e/9/f2e939bf-1c95-4e06-8549-21d59105d9c5.jpg?ci_seal=2901770a5da237b1e8595c1e97ede4f594f3ad47&w=626&h=470","1 / 8","D","https://mms.seloger.com/4/c/2/2/4c22362b-293d-44c6-9a3e-258672240538.jpg?ci_seal=cc6f0ef4cf0dce534799a465b71d86b2600d7341&w=626&h=470","https://mms.seloger.com/6/f/b/2/6fb2ad27-944f-4b1d-9b45-6cd46e9dfd0c.jpg?ci_seal=6cc8b0d6bdb8d4e60e7ee154ae6fb873cafb241a&w=626&h=470","https://mms.seloger.com/9/e/b/2/9eb2317c-c983-444e-b63e-4178e73a08f3.jpg?ci_seal=67b4cd25dd287dfc363a0d0f52a326c15514e8f8&w=626&h=470","185 000 €","2 761 €/m²","Investissez dans l'immobilier","Appartement à vendre","4 pièces","·","2 chambres","67 m²","·","3ème étage","Toulon (83200)","Valbertrand T4 en parfait état, dernier étage, terrasse, Parking collectif Dans une résidence calme et arborée sur le secteur recherché de Valbertrand, découvrez ce superbe appartement de type 4, en ...","CENTURY 21 OUEST IMMO","Exclusivité"
"","","","","","","","","","","","","","","","","","","","","","","",""
"https://www.seloger.com/annonces/achat/appartement/toulon-83/250055233.htm?serp_view=list&search=distributionTypes%3DBuy%26estateTypes%3DHouse%2CApartment%26locations%3DPOCOFR5333%26page%3D2&sort_order_ab_test=sort_order_reference&feature_aiEnrichment=false#ln=classified_search_results&m=classified_search_results_classified_classified_detail_XL","https://mms.seloger.com/5/8/2/e/582e481d-7a17-4fde-8c4a-fa26bca925ab.jpg?ci_seal=baad8adaec6b1682d2a38d9ff86106a858ff19a2&h=50","https://mms.seloger.com/a/7/6/d/a76d987f-e594-40eb-8fd7-a9aed1673568.jpg?ci_seal=bb4ad4fcb13e19c6c39f182fa5bd61363811fe00&w=626&h=470","https://mms.seloger.com/8/2/f/b/82fb11d8-93c6-45a3-ade6-386728f189e8.jpg?ci_seal=f22ac91dae7ad40e78b3c60d177161a4f74dca2e&w=626&h=470","https://mms.seloger.com/3/6/d/c/36dc649c-2ac0-4a09-a835-dd7de568eae2.jpg?ci_seal=8a35da99001c5428fb4dd9bb37f3c2f4773ac923&w=626&h=470","1 / 8","E","https://mms.seloger.com/8/2/f/b/82fb11d8-93c6-45a3-ade6-386728f189e8.jpg?ci_seal=f22ac91dae7ad40e78b3c60d177161a4f74dca2e&w=626&h=470","https://mms.seloger.com/3/e/2/7/3e27ac0c-76f5-4241-aa35-4335321f963f.jpg?ci_seal=d05cdba250ab693d0919f473334069fba8bb5ef2&w=626&h=470","https://mms.seloger.com/7/3/b/2/73b23b56-bcd5-4ed8-8c96-53be9af03225.jpg?ci_seal=597d93c5a831591ec08b86ce97dd51bca1bf0f62&w=626&h=470","206 700 €","3 180 €/m²","Découvrez les options de financement","Appartement à vendre","3 pièces","·","2 chambres","65 m²","·","Étage 1/4","Toulon (83000)","À vendre à Toulon, secteur recherché de la Serinette Dans une agréable résidence de standing sécurisée arborée avec parking collectif et jardin partagé, Appartement T3 traversant de 65 m² situé au 1e...","GAMBETTA IMMOBILIER",""
"https://www.seloger.com/annonces/achat/maison/toulon-83/les-routes/257718223.htm?serp_view=list&search=distributionTypes%3DBuy%26estateTypes%3DHouse%2CApartment%26locations%3DPOCOFR5333%26page%3D2&sort_order_ab_test=sort_order_reference&feature_aiEnrichment=false#ln=classified_search_results&m=classified_search_results_classified_classified_detail_L","https://mms.seloger.com/1/0/1/1/1011a6c9-a92c-47ee-8832-3f714591f1b7.jpg?ci_seal=d9355309f096d36640b0aff4c1994557f6fa54b7&h=50","https://mms.seloger.com/6/4/d/b/64dbabf9-d5db-48c2-afb2-a9fc59da2a0c.jpg?ci_seal=f374f00a656d3ec1ae37921b067d7bc6d2b399da&w=525&h=394","","","1 / 1","A","","","","429 000 €","5 169 €/m²","","Maison à vendre","4 pièces","·","3 chambres","83 m²","","","Les Routes, Toulon (83200)","Toulon Ouest, à 2 pas des petits commerces des 4 Chemins, au calme d'une impasse. Splendide Villa de 83 m² sur terrain plat et clôturé. Parfaitement agencée, cette villa sera répondre à tous vos beso...","IMMO SELECT",""
"https://www.selogerneuf.com/annonces/neuf/programme/toulon-83/249859347/?serp_view=list&search=distributionTypes%3DBuy%26estateTypes%3DHouse%2CApartment%26locations%3DPOCOFR5333%26page%3D2&sort_order_ab_test=sort_order_reference&unitId=256945289&feature_aiEnrichment=false#ln=classified_search_results&m=classified_search_results_classified_classified_detail_L","https://mms.seloger.com/3/1/3/4/3134c593-3f2e-4fd9-879e-276fede9013d.jpg?ci_seal=a9ef1a72c4c7472df04a22545f85a38ab7a9c555&h=50","https://mms.seloger.com/1/6/9/0/16904f94-2e06-45ba-9d8b-71df049192a5.jpg?ci_seal=c99924ee2e59b8a0cd05d43f3aa94428c1ffac0f&w=525&h=394","https://mms.seloger.com/2/3/d/c/23dc81de-e4bd-479b-bf1c-5bcb705e053e.jpg?ci_seal=d0bbe775d8ff91a3bcf47981dc364f8ea08eee5f&w=525&h=394","https://mms.seloger.com/c/7/2/2/c722c6f7-5e4a-49a4-8ee3-c91fb3f94309.jpg?ci_seal=7831bb29bb7cfcd5da146116f7d741623b8bdfb7&w=525&h=394","1 / 3","","","","","356 000 €","4 212 €/m²","","Appartement à vendre - neuf","4 pièces","·","3 chambres","84,5 m²","·","dès le 31/12/2027","Pont de Suve-Collet de Gipon, Toulon (83100)","Franchissez le magnifique portail du DOMAINE DE CAMPION et découvrez une résidence moderne nichée au cœur d’un parc clos d’exception. Platanes centenaires et essences singulières composent un écrin d...","SEGEPRIM","À voir sur SeLoger Neuf"
"https://www.seloger.com/annonces/achat/appartement/toulon-83/mourillon-centre/260746795.htm?serp_view=list&search=distributionTypes%3DBuy%26estateTypes%3DHouse%2CApartment%26locations%3DPOCOFR5333%26page%3D2&sort_order_ab_test=sort_order_reference&feature_aiEnrichment=false#ln=classified_search_results&m=classified_search_results_classified_classified_detail_XL","https://mms.seloger.com/1/2/6/4/12643f72-65c3-4e8a-a296-2b7415a7f12b.jpg?ci_seal=6436531dceb72783113374c7e8b5e081a96974e2&h=50","https://mms.seloger.com/c/e/4/1/ce418bcf-446f-4a2b-b42f-86b5f9fdf47f.jpg?ci_seal=6c448263eb1f6bffe5353b688ccebd73ea25d35b&w=626&h=470","https://mms.seloger.com/b/c/9/9/bc99ab08-580e-400a-8ea3-c54c054a9a22.jpg?ci_seal=bb678d64d8d5bb30287c60145199cdb07c08acfd&w=626&h=470","https://mms.seloger.com/5/3/9/b/539b5269-2294-4163-84b2-189a2beaba11.jpg?ci_seal=d33aba4dfd061c5192abc5f6b6bc026c88d12025&w=626&h=470","1 / 8","","https://mms.seloger.com/b/c/9/9/bc99ab08-580e-400a-8ea3-c54c054a9a22.jpg?ci_seal=bb678d64d8d5bb30287c60145199cdb07c08acfd&w=626&h=470","https://mms.seloger.com/7/2/8/7/72877b4b-6c85-44c6-96b4-84b1380f7dfc.jpg?ci_seal=74f508f7a8d4ef3146a9c84e9f8a5d2acc1da392&w=626&h=470","https://mms.seloger.com/b/8/7/7/b8772a03-1460-4c44-a105-bd25dabd7b20.jpg?ci_seal=c261bcfd287be8880b7080844c6445c894021e9c&w=626&h=470","369 000 €","6 483 €/m²","Découvrez les options de financement","Appartement à vendre","3 pièces","·","1 chambre","56,9 m²","·","RDC/2","Mourillon-Centre, Toulon (83000)","Dans le secteur le plus convoité de Toulon, le Mourillon, où les biens avec jardin privatif se comptent sur les doigts d'une main… voici l'opportunité que tout le monde attend et que presque personne...","ROYAL IMMO - LA VALETTE",""
"https://www.seloger.com/annonces/achat/appartement/toulon-83/la-serinette/252340849.htm?serp_view=list&search=distributionTypes%3DBuy%26estateTypes%3DHouse%2CApartment%26locations%3DPOCOFR5333%26page%3D2&sort_order_ab_test=sort_order_reference&feature_aiEnrichment=false#ln=classified_search_results&m=classified_search_results_classified_classified_detail_XL","https://mms.seloger.com/1/2/6/4/12643f72-65c3-4e8a-a296-2b7415a7f12b.jpg?ci_seal=6436531dceb72783113374c7e8b5e081a96974e2&h=50","https://mms.seloger.com/b/0/e/c/b0ecc2e4-5e41-4e7d-96e8-ff0c6c378bcd.jpg?ci_seal=9b3ba830c63c29bbbf5e547282f5178a4d872269&w=626&h=470","https://mms.seloger.com/1/5/e/d/15ed63fd-170d-45e5-a0b5-1bfad60c8d42.jpg?ci_seal=902cb7cf8748af88afd4e1c9bf19c48d4ab1c921&w=626&h=470","https://mms.seloger.com/5/4/f/5/54f5aee9-5733-4a23-abd7-9ec4d6048c58.jpg?ci_seal=40f584bf17e0cb4d0c8cd3590911cb263c17cd1c&w=626&h=470","1 / 8","D","https://mms.seloger.com/1/5/e/d/15ed63fd-170d-45e5-a0b5-1bfad60c8d42.jpg?ci_seal=902cb7cf8748af88afd4e1c9bf19c48d4ab1c921&w=626&h=470","https://mms.seloger.com/6/5/d/b/65db9851-de0c-4d7c-aa90-325af1f4bf01.jpg?ci_seal=758843818e13922d09f8fb7970003575e94ae5f7&w=626&h=470","https://mms.seloger.com/4/1/0/5/41050027-5f73-4545-b6e0-3bde87f1e6b5.jpg?ci_seal=5edf4d1ca51563fa39575a78f964c7ba191a8f42&w=626&h=470","254 000 €","3 629 €/m²","Découvrez les options de financement","Appartement à vendre","4 pièces","·","2 chambres","70 m²","·","Étage 1/4","La Serinette, Toulon (83000)","Secteur recherché de la Serinette, dans une résidence calme, sécurisée et bien entretenue, venez découvrir ce bel appartement T4 d'environ 71 m² habitables. Il se compose d'une entrée accueillante, d...","ROYAL IMMO - LA VALETTE",""
"https://www.seloger.com/annonces/achat/maison/toulon-83/dardenne-hubac-les-favieres/251524009.htm?serp_view=list&search=distributionTypes%3DBuy%26estateTypes%3DHouse%2CApartment%26locations%3DPOCOFR5333%26page%3D2&sort_order_ab_test=sort_order_reference&feature_aiEnrichment=false#ln=classified_search_results&m=classified_search_results_classified_classified_detail_XL","https://mms.seloger.com/a/d/b/9/adb9b5f1-9d6d-40f3-aafe-6833aa7415ea.jpg?ci_seal=dd895eb34d5d42f424ba7413c2a6c354858120ed&h=50","https://mms.seloger.com/6/6/0/9/66091a02-4602-4b6f-8bdc-aac603b2f0c2.jpg?ci_seal=3f1a714190082044acfffd4976e9dadbf655272a&w=626&h=470","https://mms.seloger.com/e/2/8/8/e288c855-7e5b-4e16-8407-a1552ee1110f.jpg?ci_seal=f2edf0410082bb31fa40d164f27121f5ede9364f&w=626&h=470","https://mms.seloger.com/6/f/d/0/6fd0b7b6-8f8d-4ec2-9a2e-5e6cec9cfca3.jpg?ci_seal=ec037c5a68d6afaa17c9f4e8131efc65a4e13ccd&w=626&h=470","1 / 9","","https://mms.seloger.com/e/2/8/8/e288c855-7e5b-4e16-8407-a1552ee1110f.jpg?ci_seal=f2edf0410082bb31fa40d164f27121f5ede9364f&w=626&h=470","https://mms.seloger.com/d/2/b/0/d2b0b087-08f4-4e76-ac55-eac14db205b8.jpg?ci_seal=d65fe2797aefb747807a5b42678494239b057198&w=626&h=470","https://mms.seloger.com/a/8/3/8/a838b805-8aca-4e7f-9352-a7d2e25c7241.jpg?ci_seal=f57c2a4ef49cc93b9a045ae23c13f1c2f6a5e4fc&w=626&h=470","499 000 €","3 992 €/m²","Découvrez les options de financement","Villa à vendre","4 pièces","·","3 chambres","125 m²","·","1 000 m² de terrain","Dardenne Hubac-Les Favières, Toulon (83200)","EXCLUSIVITE - REF 3028 - IMMOBILIER TOULON OUEST - AGENCE IMMOBILIERE G.I.O. LES 4 CHEMINS - VENTE/ACHAT - VILLA T4 DE 125M² - T2 DE 55 M² - TERRAIN CLOS ET ARBORE DE 1000M² - PISCINE - TERRASSES - G...","Agence GIO","Exclusivité"
"","","","","","","","","","","","","","","","","","","","","","","",""
"https://www.seloger.com/annonces/achat/maison/toulon-83/260798595.htm?serp_view=list&search=distributionTypes%3DBuy%26estateTypes%3DHouse%2CApartment%26locations%3DPOCOFR5333%26page%3D2&sort_order_ab_test=sort_order_reference&feature_aiEnrichment=false#ln=classified_search_results&m=classified_search_results_classified_classified_detail_XL","https://mms.seloger.com/e/2/7/5/e275e615-77a9-4afc-b798-fff9e7ab8513.jpg?ci_seal=8a1f5575fc2c244eab78bdaa0e33825611709ddd&h=50","https://mms.seloger.com/2/7/3/c/273ccbec-c0bd-4a05-9f97-3bd56faaf88a.jpg?ci_seal=4cebcf42b56f396325e7fdd56cf442463b1768b7&w=626&h=470","https://mms.seloger.com/f/1/5/f/f15fcc86-5a42-4aad-a380-4ae9f8fda985.jpg?ci_seal=675118054ef58ba7a49336d73a898fd316be93ab&w=626&h=470","https://mms.seloger.com/6/1/d/e/61dec820-43c1-428e-b07d-293986ae0114.jpg?ci_seal=e1f49b822e24b727c99353b26ded670838111c05&w=626&h=470","1 / 10","C","https://mms.seloger.com/f/1/5/f/f15fcc86-5a42-4aad-a380-4ae9f8fda985.jpg?ci_seal=675118054ef58ba7a49336d73a898fd316be93ab&w=626&h=470","https://mms.seloger.com/c/6/3/e/c63eb7f7-cfbb-4f3b-9d40-6947c1e8a780.jpg?ci_seal=8aa78042c7f2198be303b735066a6b82ec967dea&w=626&h=470","https://mms.seloger.com/e/1/9/7/e1971bd8-671d-49b0-896d-938ad98f8500.jpg?ci_seal=0cf52ad4bf7db8dcfcfd8a8db3215e36180f3ff8&w=626&h=470","589 000 €","4 020 €/m²","Découvrez les options de financement","Villa à vendre","5 pièces","·","4 chambres","146,5 m²","·","553 m² de terrain","Toulon (83200)","TOULON LES 4 CHEMINS DES ROUTES: En plein coeur du quartier résidentiel des 4 CHEMINS DES ROUTES, en position dominante, beneficiant d'une tres belle vue dégagée mer et montagne. Villa originale de t...","AGENCE BETHAUSER",""
"https://www.seloger.com/annonces/achat/appartement/toulon-83/256236035.htm?serp_view=list&search=distributionTypes%3DBuy%26estateTypes%3DHouse%2CApartment%26locations%3DPOCOFR5333%26page%3D2&sort_order_ab_test=sort_order_reference&feature_aiEnrichment=false#ln=classified_search_results&m=classified_search_results_classified_classified_detail_XL","https://mms.seloger.com/b/7/e/d/b7edbebd-5267-40f7-b252-ca3e3197e0fd.jpg?ci_seal=20f57c1ceb0e5e23d0454a9217910c7d5546576e&h=50","https://mms.seloger.com/4/f/5/1/4f5122cb-7dc0-4d38-8abd-33be8ab9aae2.jpg?ci_seal=6e8840bbed635787e77da3ea4bdce98b4372b42c&w=626&h=470","https://mms.seloger.com/9/d/0/e/9d0ee9c0-deb5-487c-b4af-148a50457d7b.jpg?ci_seal=25bcd88d5c39dae8fd7e7653604580fc798fb375&w=626&h=470","https://mms.seloger.com/0/f/e/7/0fe7b36a-c389-454f-aa07-242a2e90daa3.jpg?ci_seal=f3685c0e406cb67a8cb74ff02df67070e0f3c1b7&w=626&h=470","1 / 9","D","https://mms.seloger.com/9/d/0/e/9d0ee9c0-deb5-487c-b4af-148a50457d7b.jpg?ci_seal=25bcd88d5c39dae8fd7e7653604580fc798fb375&w=626&h=470","https://mms.seloger.com/6/d/2/d/6d2d4e10-1428-43fc-824a-d4dd1e2cd864.jpg?ci_seal=e1bbd6d84057b72bab264ff301452d2b1c991cd6&w=626&h=470","https://mms.seloger.com/5/2/7/0/5270623a-17c4-4c52-98f4-ae7a541793f5.jpg?ci_seal=04c93741f87828893624d785127d33ce3fa778df&w=626&h=470","420 000 €","5 250 €/m²","Découvrez les options de financement","Appartement à vendre","4 pièces","·","2 chambres","80 m²","·","RDC/3","Toulon (83000)","A Toulon - Idéalement situé au coeur du Mourillon, dans un immeuble bourgeois 1900 au charme intemporel, lumineux appartement aux belles hauteurs de plafonds de type T4 de 80 m² en rez-de-chaussée su...","CABINET 3000",""
"https://www.seloger.com/annonces/achat/maison/toulon-83/cap-brun/255554661.htm?serp_view=list&search=distributionTypes%3DBuy%26estateTypes%3DHouse%2CApartment%26locations%3DPOCOFR5333%26page%3D2&sort_order_ab_test=sort_order_reference&feature_aiEnrichment=false#ln=classified_search_results&m=classified_search_results_classified_classified_detail_XL","https://mms.seloger.com/1/2/6/4/12643f72-65c3-4e8a-a296-2b7415a7f12b.jpg?ci_seal=6436531dceb72783113374c7e8b5e081a96974e2&h=50","https://mms.seloger.com/6/f/d/4/6fd4520d-d8a3-4268-8635-723397552024.jpg?ci_seal=51de7814f7afaae141a1ab7c3bbac0a191444eb3&w=626&h=470","https://mms.seloger.com/6/c/c/6/6cc656af-e991-4d8d-b5e3-910d87172f93.jpg?ci_seal=73fff92e5f1f33211ad9d2d90352e6bba32d7f88&w=626&h=470","https://mms.seloger.com/8/1/8/d/818d2271-417f-4d34-9c9e-ad762365b280.jpg?ci_seal=6b5012c8165e4314fd5c776c6943b56d8a15f003&w=626&h=470","1 / 9","B","https://mms.seloger.com/6/c/c/6/6cc656af-e991-4d8d-b5e3-910d87172f93.jpg?ci_seal=73fff92e5f1f33211ad9d2d90352e6bba32d7f88&w=626&h=470","https://mms.seloger.com/a/7/6/c/a76cf47e-2493-4da8-b5ef-3ef69c5df412.jpg?ci_seal=a9fb9e76987eba95b279fea70956c6d78a98a57a&w=626&h=470","https://mms.seloger.com/1/1/d/f/11dff58d-aa1a-4936-854b-81c267cf4f14.jpg?ci_seal=5b129656ee1bec29e29b63247fa260be38857a72&w=626&h=470","970 000 €","6 831 €/m²","Investissez dans l'immobilier","Maison de plain-pied à vendre","5 pièces","·","3 chambres","142 m²","·","935 m² de terrain","Cap Brun , Toulon (83000)","Dans l'un des secteurs les plus prisés de Toulon, au cœur du Cap Brun, découvrez cette superbe maison familiale de 190 m² habitables, en parfait état, sans aucun travaux à prévoir. Les + de cette pro...","ROYAL IMMO - LA VALETTE",""
"https://www.seloger.com/annonces/achat/appartement/toulon-83/champ-de-mars/260004843.htm?serp_view=list&search=distributionTypes%3DBuy%26estateTypes%3DHouse%2CApartment%26locations%3DPOCOFR5333%26page%3D2&sort_order_ab_test=sort_order_reference&feature_aiEnrichment=false#ln=classified_search_results&m=classified_search_results_classified_classified_detail_XL","https://mms.seloger.com/d/b/b/7/dbb74622-baaf-4d7d-90e1-78e942797465.jpg?ci_seal=59010a8a3ef7e80678839d6cf5b5ff88a6155f9d&h=50","https://mms.seloger.com/3/0/8/1/30812d25-9db6-4127-90d1-e8c13cdf29b1.jpg?ci_seal=2604f672d2da4071fff115416ff257d3b639397b&w=626&h=470","https://mms.seloger.com/f/7/f/a/f7fa03b9-edd1-4482-ab17-23ac537f89a1.jpg?ci_seal=8bc545f93aeb05203f2e489e2140bcd445a3303d&w=626&h=470","https://mms.seloger.com/b/4/6/4/b4648655-f41f-4ee2-b162-85a729b84b0c.jpg?ci_seal=7750aff483bf03e7593cca96891d4d74d9db333e&w=626&h=470","1 / 6","E","https://mms.seloger.com/f/7/f/a/f7fa03b9-edd1-4482-ab17-23ac537f89a1.jpg?ci_seal=8bc545f93aeb05203f2e489e2140bcd445a3303d&w=626&h=470","https://mms.seloger.com/0/d/2/8/0d2897eb-28af-49c5-b877-dc6ccdd2b7ae.jpg?ci_seal=b126f9a067ce4a1c13577b3dbde9742b79f30e49&w=626&h=470","https://mms.seloger.com/0/1/6/8/0168c0c8-5b8f-4177-a4ea-3993e608c8ec.jpg?ci_seal=def78c9bdc1bd528405335e4f50b9568b1623e89&w=626&h=470","170 000 €","2 833 €/m²","Découvrez les options de financement","Appartement à vendre","3 pièces","·","2 chambres","60 m²","·","3ème étage","Champ de Mars, Toulon (83000)","Venez découvrir ce T3 lumineux et fonctionnel de 60m2, situé au 3ème étage d'une résidence avec ascenseur. Idéal pour une famille ou un premier achat. Au 3ème étage d'une résidence entretenue et sécu...","AGENCE GTI-GPI",""