"css-w5uu0r href","css-t5nx4t src","css-hc6pk4 src","css-hc6pk4 src 2","css-hc6pk4 src 3","css-0","css-1kjr4iz","css-wesefx","css-xsih6f","css-1rek4h3","css-9u48bm","css-9u48bm 2","css-9u48bm 3","css-9u48bm 5","css-9u48bm 6","css-9u48bm 7","css-oaskuq","css-oorffy","css-woe2j4","css-1tafjuz","css-1mhg5ff"
"https://www.seloger.com/annonces/achat/appartement/toulon-83/255877199.htm?serp_view=list&search=distributionTypes%3DBuy%26estateTypes%3DHouse%2CApartment%26locations%3DPOCOFR5333%26page%3D4&sort_order_ab_test=sort_order_reference&feature_aiEnrichment=false#ln=classified_search_results&m=classified_search_results_classified_classified_detail_XL","https://mms.seloger.com/1/f/c/5/1fc568fa-eca8-4f89-ae57-284d6146c849.jpg?ci_seal=990b2701c0e42a96065c4d3ab84c88ae39cf4cf2&h=50","https://mms.seloger.com/c/1/5/f/c15f961f-a118-4f74-95f3-c5c0bfd11511.jpg?ci_seal=39002711d2701cafee2664882a8df07031797fea&w=626&h=470","https://mms.seloger.com/8/5/4/4/85440f97-4c1c-40e2-b946-0eec6d7af33c.jpg?ci_seal=4265fb4f7843f6a231fea8973e6c66a42812e5d3&w=626&h=470","https://mms.seloger.com/e/4/9/f/e49fbba7-d567-4d62-ac57-75b0c0eac296.jpg?ci_seal=a324cadb27f3f9e8173d68596fc7db12acaa8c01&w=626&h=470","1 / 5","C","130 000 €","3 067 €/m²","Duplex à vendre","2 pièces","·","1 chambre","42,4 m²","·","1er étage","Toulon (83200)","TOULON OUEST ESCAILLON Beau T2 en duplex, situé au dernier étage d'un petit immeuble très bien entretenu de 4 lots. Superficie au sol de 64.66 m², 42.39 m² loi carrez. Beau séjour très lumineux, cuis...","Exclusivité","CENTURY 21 OUEST IMMO",""
"","","","","","","","","","","","","","","","","","","","",""
"https://www.seloger.com/annonces/achat/appartement/toulon-83/254934491.htm?serp_view=list&search=distributionTypes%3DBuy%26estateTypes%3DHouse%2CApartment%26locations%3DPOCOFR5333%26page%3D4&sort_order_ab_test=sort_order_reference&feature_aiEnrichment=false#ln=classified_search_results&m=classified_search_results_classified_classified_detail_XL","https://mms.seloger.com/1/f/c/5/1fc568fa-eca8-4f89-ae57-284d6146c849.jpg?ci_seal=990b2701c0e42a96065c4d3ab84c88ae39cf4cf2&h=50","https://mms.seloger.com/6/5/f/2/65f2cf03-5686-43ca-91e5-31265e654c27.jpg?ci_seal=fbfb21420984cf4165e7f10f1b8bae366553e6d4&w=626&h=470","https://mms.seloger.com/5/4/a/a/54aa7980-25a6-4957-9d7c-a46101a57ec2.jpg?ci_seal=d480fd53a383baa65a278429c9c324fc37c8f99e&w=626&h=470","https://mms.seloger.com/b/a/a/0/baa0aa23-6e1f-4974-8e38-70a5468a16f3.jpg?ci_seal=a3c15b0100e36c0c957899a817704fc8e4cc5705&w=626&h=470","1 / 5","D","115 000 €","2 264 €/m²","Appartement à vendre","2 pièces","·","1 chambre","50,8 m²","·","2ème étage","Toulon (83200)","TOULON PONT DU LAS Beaucoup de charme pour cet appartement de type deux situé au 2ème étage. Très lumineux et entièrement rénové. A proximité des commerces, écoles, transports et arsenal. A VISITER. ...","","CENTURY 21 OUEST IMMO",""
"https://www.seloger.com/annonces/achat/appartement/toulon-83/256786735.htm?serp_view=list&search=distributionTypes%3DBuy%26estateTypes%3DHouse%2CApartment%26locations%3DPOCOFR5333%26page%3D4&sort_order_ab_test=sort_order_reference&feature_aiEnrichment=false#ln=classified_search_results&m=classified_search_results_classified_classified_detail_XL","https://mms.seloger.com/5/8/2/e/582e481d-7a17-4fde-8c4a-fa26bca925ab.jpg?ci_seal=baad8adaec6b1682d2a38d9ff86106a858ff19a2&h=50","https://mms.seloger.com/a/2/6/c/a26ca6ad-2f73-4264-b5f6-32b4a14f170c.jpg?ci_seal=72a02a1d417b37b43fa71f7b5f7a94ba059a930d&w=626&h=470","https://mms.seloger.com/7/a/0/a/7a0a0d03-6593-4415-bd45-149d414cec6c.jpg?ci_seal=2f286bd020fddbd2950de66b68565b03d650d6ee&w=626&h=470","https://mms.seloger.com/6/4/6/4/64644103-b848-430a-bbc8-fcee08a34065.jpg?ci_seal=8ad3e99bbaf1113faac16ef764f2c67f594ba693&w=626&h=470","1 / 6","D","117 000 €","1 918 €/m²","Appartement à vendre","3 pièces","·","2 chambres","61 m²","·","5ème étage","Toulon (83000)","A vendre à TOULON entre Claret et Saint-Anne, appartement type 3 de 61m2 situé au 5ème étage avec ascenseur il se compose d'une entrée, un séjour donnant sur balcon, une cuisine, deux chambre et une ...","","GAMBETTA IMMOBILIER",""
"https://www.seloger.com/annonces/achat/appartement/toulon-83/cap-brun/256202523.htm?serp_view=list&search=distributionTypes%3DBuy%26estateTypes%3DHouse%2CApartment%26locations%3DPOCOFR5333%26page%3D4&sort_order_ab_test=sort_order_reference&feature_aiEnrichment=false#ln=classified_search_results&m=classified_search_results_classified_classified_detail_L","https://mms.seloger.com/1/2/6/4/12643f72-65c3-4e8a-a296-2b7415a7f12b.jpg?ci_seal=6436531dceb72783113374c7e8b5e081a96974e2&h=50","https://mms.seloger.com/5/0/4/f/504f47ea-dcd2-45f5-8555-d847b5027b15.jpg?ci_seal=cf2574f3a82e6a89f11674128254ef1ab18a435d&w=525&h=394","https://mms.seloger.com/c/c/2/2/cc227072-859a-4fd3-ae12-800bc9fb4283.jpg?ci_seal=c21eb6402d2f6f893e9738ecb532d66bd769b288&w=525&h=394","https://mms.seloger.com/d/5/d/2/d5d2678d-cf7b-4aa3-8250-b6aaf83ec6a4.jpg?ci_seal=d8e112b2efaca506e8f433aaa4a1a8f4b237295a&w=525&h=394","1 / 3","E","200 000 €","3 226 €/m²","Appartement à vendre","3 pièces","·","1 chambre","62 m²","·","RDC/3","Cap Brun , Toulon (83000)","À saisir rapidement ! Superbe F3 dans résidence de standing avec tennis, proche plages et centre-ville ! Rare sur le marché ! Vivez dans un appartement confortable au cœur d'une résidence de standing...","","ROYAL IMMO - TOULON","Découvrez les options de financement"
"https://www.seloger.com/annonces/achat/appartement/toulon-83/cap-brun/262597049.htm?serp_view=list&search=distributionTypes%3DBuy%26estateTypes%3DHouse%2CApartment%26locations%3DPOCOFR5333%26page%3D4&sort_order_ab_test=sort_order_reference&feature_aiEnrichment=false#ln=classified_search_results&m=classified_search_results_classified_classified_detail_L","https://mms.seloger.com/a/d/3/e/ad3e972b-e512-4551-b9ae-554e32e22526.jpg?ci_seal=79f3e373b9f7fdd6cfa763ac81ae7173c97ad16d&h=50","https://mms.seloger.com/3/0/e/a/30ea058e-409b-470f-aadb-d6fb4c614493.jpg?ci_seal=41177bf18450af63b449d1017830375043e7fd5b&w=525&h=394","https://mms.seloger.com/4/a/a/f/4aaf691d-9965-484a-a9b7-597a44af268e.jpg?ci_seal=a33bd0576ec0167d13f4207163914d158dc53342&w=525&h=394","https://mms.seloger.com/3/8/b/1/38b12629-5bcd-48c6-b72d-f87d34d85442.jpg?ci_seal=4533b4e3ff191ca6bf99459320207275c79f4698&w=525&h=394","1 / 12","E","Bouquet 755 250 €","","Appartement en viager · occupé","3 pièces","·","2 chambres","138 m²","","","Cap Brun , Toulon (83000)","Nouvelle opportunité financière! Situé au CAP BRUN à Toulon, l'un des quartiers les plus prestigieux et résidentiels de la côte varoise, Nue-propriété avec vue mer - Emplacement ultra premium Référen...","Exclusivité","RENEE COSTES","Découvrez les options de financement"
"","","","","","","","","","","","","","","","","","","","",""
"https://www.seloger.com/annonces/achat/appartement/toulon-83/261481833.htm?serp_view=list&search=distributionTypes%3DBuy%26estateTypes%3DHouse%2CApartment%26locations%3DPOCOFR5333%26page%3D4&sort_order_ab_test=sort_order_reference&feature_aiEnrichment=false#ln=classified_search_results&m=classified_search_results_classified_classified_detail_L","https://mms.seloger.com/a/2/9/b/a29b9a89-68a2-413d-924a-349140146cdf.jpg?ci_seal=780a4a8d22bcc9d6b079c4257beb009d873f6a0e&h=50","https://mms.seloger.com/6/0/7/3/60731fc0-089e-48a1-a587-c465474f831c.jpg?ci_seal=23aa3403941562f01b82f3c71528a89f8c4aec43&w=525&h=394","https://mms.seloger.com/d/0/f/6/d0f6ddda-121a-44ef-8224-cc07ba42682f.jpg?ci_seal=3b1d9e0515d2a766315a0fce955050a21312fde0&w=525&h=394","https://mms.seloger.com/a/5/a/1/a5a1fa6a-f9fb-4c14-89ca-abc5fbb13a3a.jpg?ci_seal=d90d083ad55683d2d761241f75e1258e253636dc&w=525&h=394","1 / 15","D","135 000 €","3 214 €/m²","Appartement à vendre","2 pièces","·","1 chambre","42 m²","·","Étage 6/6","Toulon (83000)","Toulon centre, proche de la porte d'Italie et de l'université, appartement situé au 6ème et dernier étage avec ascenseur et vue sur la rade de Toulon - 42 m² comprenant: - Un hall d'entrée - Une cuis...","","SERVICES ENTRE AVOCATS","Découvrez les options de financement"
"https://www.seloger.com/annonces/achat/appartement/toulon-83/262567013.htm?serp_view=list&search=distributionTypes%3DBuy%26estateTypes%3DHouse%2CApartment%26locations%3DPOCOFR5333%26page%3D4&sort_order_ab_test=sort_order_reference&feature_aiEnrichment=false#ln=classified_search_results&m=classified_search_results_classified_classified_detail_L","https://mms.seloger.com/7/d/1/a/7d1adc0c-80e4-451e-b583-3c646e1402da.jpg?ci_seal=91385138bb7da19b755c0c903dc8d16b847e9800&h=50","https://mms.seloger.com/5/6/5/f/565fca74-8818-4d3a-90d3-e02c2f56742e.jpg?ci_seal=a46dc799c178fa35fe4ed12057465689c13bcc3c&w=525&h=394","https://mms.seloger.com/b/2/1/6/b2169b3c-c7e7-4720-9e6d-c74bbe3b027a.jpg?ci_seal=8575aad90e086de56c611459842eb310ae6bdf8f&w=525&h=394","https://mms.seloger.com/8/f/b/4/8fb4743b-5af9-443a-902a-c1481d59d26b.jpg?ci_seal=05485ed83e33f7ab0fe452c6a7b7c0418cdb9b00&w=525&h=394","1 / 13","C","270 000 €","3 176 €/m²","Appartement à vendre","4 pièces","·","3 chambres","85 m²","·","Étage 2/5","Toulon (83000)","TOULON - HAUTE VILLE Un appartement de 85 m² niché au deuxième étage d'un immeuble Art Déco. Ce bien de 3/4 pièces, entièrement rénové séduit immédiatement par ses volumes généreux et sa configuratio...","","IBOX VAUBAN - AGENCE DE LA GARE","Découvrez les options de financement"
"https://www.seloger.com/annonces/achat/appartement/toulon-83/saint-roch/252839329.htm?serp_view=list&search=distributionTypes%3DBuy%26estateTypes%3DHouse%2CApartment%26locations%3DPOCOFR5333%26page%3D4&sort_order_ab_test=sort_order_reference&feature_aiEnrichment=false#ln=classified_search_results&m=classified_search_results_classified_classified_detail_L","https://mms.seloger.com/6/1/1/e/611e7e1e-abe6-469c-8154-6e91108d162b.jpg?ci_seal=6c7ba04847002d1025da56d1318fe3da3fa62f11&h=50","https://mms.seloger.com/f/9/9/a/f99a0656-0a3f-4987-933a-c8f36feae96c.jpg?ci_seal=34a1a42c659b275ad1cd23dfc1f1e7ae2b3f1659&w=525&h=394","https://mms.seloger.com/6/a/e/5/6ae579ec-a95f-464b-bcbc-54dcdb3f63f5.jpg?ci_seal=c332b0570b951a8bdc538b679b9b8de3c0c4f25f&w=525&h=394","https://mms.seloger.com/5/e/a/4/5ea40bd3-88d2-4d7d-924b-1be0b5b36f27.jpg?ci_seal=041b64400051cc8bc554b54f430533227330bc27&w=525&h=394","1 / 8","E","124 120 €","3 852 €/m²","Appartement à vendre","2 pièces","·","1 chambre","32,2 m²","·","Étage 6/6","Saint Roch, Toulon (83000)","? Exclusivité Gabriele Immobilier ? Découvrez ce charmant appartement T2 situé au dernier étage d'une résidence Art Déco avec ascenseur, offrant une vue exceptionnelle sur la Rade de Toulon. Localisa...","","GABRIELE IMMOBILIER","Découvrez les options de financement"
"https://www.seloger.com/annonces/achat/appartement/toulon-83/champ-de-mars/261854605.htm?serp_view=list&search=distributionTypes%3DBuy%26estateTypes%3DHouse%2CApartment%26locations%3DPOCOFR5333%26page%3D4&sort_order_ab_test=sort_order_reference&feature_aiEnrichment=false#ln=classified_search_results&m=classified_search_results_classified_classified_detail_L","","https://mms.seloger.com/9/f/c/9/9fc9e545-bdc2-4bef-9223-727ede498328.jpg?ci_seal=545821e9dc96bcbf38e7e99737da62f023b60cc6&w=525&h=394","https://mms.seloger.com/f/7/1/e/f71ebabd-e4b1-4c51-8d0f-42d688786ec8.jpg?ci_seal=2537cfd20aac8e714b0bdbadcb83ad0756de8d12&w=525&h=394","https://mms.seloger.com/5/1/9/6/5196605d-7aa1-4e41-8e59-eba2a4ecb01a.jpg?ci_seal=0e19ee607634b9f1cba2864fff66d70025da613f&w=525&h=394","1 / 10","B","345 000 €","3 053 €/m²","Appartement à vendre","5 pièces","·","4 chambres","113 m²","·","Étage 8/15","Champ de Mars, Toulon (83000)","VOTRE AGENCE LAFORÊT TOULON VOUS PROPOSE : APPARTEMENT TYPE 5 DANS UNE RÉSIDENCE DE STANDING, LUMINEUX, 4 CHAMBRES ET GRAND BALCON FERMÉ ORIENTÉE SUD Situé dans le quartier recherché de La Rode à Tou...","","TOULON IMMOBILIER CONSEIL","Découvrez les options de financement"
"https://www.seloger.com/annonces/achat/maison/toulon-83/258559999.htm?serp_view=list&search=distributionTypes%3DBuy%26estateTypes%3DHouse%2CApartment%26locations%3DPOCOFR5333%26page%3D4&sort_order_ab_test=sort_order_reference&feature_aiEnrichment=false#ln=classified_search_results&m=classified_search_results_classified_classified_detail_XL","https://mms.seloger.com/c/1/2/6/c1266890-5c3b-4526-9454-eeb3ebf1e58f.jpg?ci_seal=8f4b3db0f4187673cd27f3545a995e7a1e354eff&h=50","https://mms.seloger.com/5/6/7/8/56786bff-aecf-43c9-8aa4-e93082c3a83d.jpg?ci_seal=3743ef73f7b3a24c2e7ee1968b641d02965f83b2&w=626&h=470","https://mms.seloger.com/e/d/2/6/ed26e4ef-53c2-443e-89cb-f9427f1e615e.jpg?ci_seal=430df450e912c8f65a0c648461ef6eb3a9a02744&w=626&h=470","https://mms.seloger.com/d/7/f/f/d7ff9749-d0d9-4887-b81e-dbfdd206e7cb.jpg?ci_seal=a35ab97b1896ebd99a887f8ce6e762ca626a9e88&w=626&h=470","1 / 14","C","473 000 €","5 565 €/m²","Maison à vendre","4 pièces","·","2 chambres","85 m²","·","333 m² de terrain","Toulon (83000)","Dans une impasse très calme entre le cap brun et la serinette. Maison entièrement rénovée composée d'une pièce à vivre, d'une suite parentale avec salle d'eau et wc, d'une autre partie comprenant une...","Exclusivité","Immobilière du Cap Brun",""
"","","","","","","","","","","","","","","","","","","","",""
"https://www.seloger.com/annonces/achat/appartement/toulon-83/261346303.htm?serp_view=list&search=distributionTypes%3DBuy%26estateTypes%3DHouse%2CApartment%26locations%3DPOCOFR5333%26page%3D4&sort_order_ab_test=sort_order_reference&feature_aiEnrichment=false#ln=classified_search_results&m=classified_search_results_classified_classified_detail_L","","https://mms.seloger.com/7/f/3/9/7f39fc74-63d8-40c5-b3f1-ed4d60fb1eed.jpg?ci_seal=985a5295eeff9dcc3a753bb0e766bfa528c53076&w=525&h=394","https://mms.seloger.com/5/6/a/5/56a54cbc-d445-49d1-bfb9-8c31e1412ea2.jpg?ci_seal=9a4f4b96daa058709d8c9648f38de174b6b062f5&w=525&h=394","https://mms.seloger.com/0/7/f/4/07f4ddff-8224-4827-a1be-1411c6303163.jpg?ci_seal=03fe09bd287e492e8b8d88498ac858cffc941f07&w=525&h=394","1 / 7","D","91 000 €","3 033 €/m²","Appartement à vendre","1 pièce","·","30 m²","2ème étage","","","Toulon (83200)","Situé dans le secteur Lyautey à Toulon, ce T1 se trouve au 2 € étage d'un immeuble bien implanté, à proximité des commerces, des transports et des principaux axes de circulation. Il se compose d'une ...","","KEYSTONE IMMOBILIER","Découvrez les options de financement"
"https://www.seloger.com/annonces/achat/appartement/toulon-83/262053175.htm?serp_view=list&search=distributionTypes%3DBuy%26estateTypes%3DHouse%2CApartment%26locations%3DPOCOFR5333%26page%3D4&sort_order_ab_test=sort_order_reference&feature_aiEnrichment=false#ln=classified_search_results&m=classified_search_results_classified_classified_detail_L","","https://mms.seloger.com/a/a/3/6/aa36b0aa-bad4-4170-a4bf-bdfa62b0cd0e.jpg?ci_seal=1cbd0f6fb8ab2d180b3d13ea9401b72b482223b7&w=525&h=394","https://mms.seloger.com/2/f/4/9/2f492eea-b8ff-4edd-a0ad-26a57289f3db.jpg?ci_seal=dd08e2c8962322224f1dee7eeabddd92834a8774&w=525&h=394","https://mms.seloger.com/f/c/b/6/fcb6da14-15e0-4cb0-813f-3d736ea1bf84.jpg?ci_seal=bf132c22319bdd3d869592999b26b412d7f77bfd&w=525&h=394","1 / 9","C","315 000 €","3 150 €/m²","Appartement à vendre","5 pièces","·","4 chambres","100 m²","·","Étage 2/7","Toulon (83000)","Situé dans le très recherché quartier du Mourillon à Toulon, au sein d’une résidence fermée et sécurisée, venez découvrir ce spacieux appartement T5 situé au deuxième étage avec ascenseur. Idéal pour...","","KEYSTONE IMMOBILIER","Découvrez les options de financement"
"https://www.seloger.com/annonces/achat/appartement/toulon-83/262419837.htm?serp_view=list&search=distributionTypes%3DBuy%26estateTypes%3DHouse%2CApartment%26locations%3DPOCOFR5333%26page%3D4&sort_order_ab_test=sort_order_reference&feature_aiEnrichment=false#ln=classified_search_results&m=classified_search_results_classified_classified_detail_L","https://mms.seloger.com/a/2/3/f/a23f341f-aa6d-41e9-a5a5-52e8a29137b7.jpg?ci_seal=56025b934943dc2b7b1073fa28a43f88114bcb9f&h=50","https://mms.seloger.com/e/a/2/3/ea23ff7a-8293-4d80-9fe2-a4c7db81c9ed.jpg?ci_seal=9e857c22aad017894963c326a1f959d4081769cc&w=525&h=394","https://mms.seloger.com/2/c/d/d/2cddb94e-c251-41fb-83ad-845b14db34fa.jpg?ci_seal=12ca3e01e8f1f18b4d79bec460637702ec497eee&w=525&h=394","https://mms.seloger.com/b/0/0/2/b0025f22-b7bf-41d8-9971-efb265f166bd.jpg?ci_seal=f9bab9ae4b8bbe5c00fed352543caa5d5124760c&w=525&h=394","1 / 12","A","160 000 €","4 571 €/m²","Appartement à vendre","2 pièces","·","1 chambre","35 m²","·","Étage 2/6","Toulon (83100)","TOULON FONT PRE / PROCHE LA VALETTE - en plein coeur de l'écoquartier au 2e étage de l'immeuble avec ascenseur, un appartement de type 2 d'environ 35m² avec une grande terrasse en L de 15m² - compren...","","IBOX Ecoquartier Font Pré","Découvrez les options de financement"
"https://www.seloger.com/annonces/achat/maison/toulon-83/262642413.htm?serp_view=list&search=distributionTypes%3DBuy%26estateTypes%3DHouse%2CApartment%26locations%3DPOCOFR5333%26page%3D4&sort_order_ab_test=sort_order_reference&feature_aiEnrichment=false#ln=classified_search_results&m=classified_search_results_classified_classified_detail_L","https://mms.seloger.com/a/2/3/f/a23f341f-aa6d-41e9-a5a5-52e8a29137b7.jpg?ci_seal=56025b934943dc2b7b1073fa28a43f88114bcb9f&h=50","https://mms.seloger.com/e/3/f/e/e3fe37fe-f296-4650-a4ad-da97e0d14b02.jpg?ci_seal=3179af0fc42c47ce73382d5fa3469800bd63afd0&w=525&h=394","https://mms.seloger.com/7/b/a/0/7ba0b000-7bf0-4618-ae9f-cb7ad2d145d5.jpg?ci_seal=369a151507d64c42ccb77a19ded0e8ac053d3803&w=525&h=394","https://mms.seloger.com/b/0/8/e/b08e7570-5a59-472f-8e26-fca196e45657.jpg?ci_seal=9e9d62355d671ddeb711edecb647298c1428f1a0&w=525&h=394","1 / 10","F","194 000 €","2 694 €/m²","Maison à vendre","4 pièces","·","3 chambres","72 m²","·","110 m² de terrain","Toulon (83100)","Venez découvrir cette magnifique maison, idéale pour toute la famille, située à proximité des écoles et des commerces. Au rez-de-chaussée, un séjour lumineux et spacieux vous attend, tandis que la cu...","","IBOX Ecoquartier Font Pré","Découvrez les options de financement"
"","","","","","","","","","","499 569 €","","","","","","","","","",""
"https://www.seloger.com/annonces/achat/appartement/toulon-83/super-toulon/259136703.htm?serp_view=list&search=distributionTypes%3DBuy%26estateTypes%3DHouse%2CApartment%26locations%3DPOCOFR5333%26page%3D4&sort_order_ab_test=sort_order_reference&feature_aiEnrichment=false#ln=classified_search_results&m=classified_search_results_classified_classified_detail_L","https://mms.seloger.com/c/a/5/9/ca592e59-bd86-4090-9913-e48a296376a4.jpg?ci_seal=ea9919d4b9c84eb957bea571e224b2c12e3fbe38&h=50","https://mms.seloger.com/5/3/c/a/53caf1db-4e4f-4e38-8f94-a1ea1803549d.jpg?ci_seal=fbc75ad7773a657acc12bb00a88f4566f4ed08ff&w=525&h=394","https://mms.seloger.com/1/9/d/9/19d94f4c-f68a-48de-be74-c7e67fc59dda.jpg?ci_seal=a7ed028c826afed53d16c491c3d6dc198a96dea2&w=525&h=394","https://mms.seloger.com/4/4/e/9/44e953f5-b160-4661-bcfa-a979da78d40f.jpg?ci_seal=a04f8eda0af2e526e58c6558b13237902ec36380&w=525&h=394","1 / 7","E","129 000 €","2 745 €/m²","Appartement à vendre","2 pièces","·","1 chambre","47 m²","·","Étage 4/6","Super-Toulon, Toulon (83000)","À VENDRE – Appartement T2 lumineux avec balcon, ascenseur et cave – Toulon Claret situé au sein d'une copropriété calme et bien entretenue construite dans les années 1950. Découvrez cet appartement d...","","MONDINI IMO","Découvrez les options de financement"
"https://www.seloger.com/annonces/achat/appartement/toulon-83/la-palasse/253744951.htm?serp_view=list&search=distributionTypes%3DBuy%26estateTypes%3DHouse%2CApartment%26locations%3DPOCOFR5333%26page%3D4&sort_order_ab_test=sort_order_reference&feature_aiEnrichment=false#ln=classified_search_results&m=classified_search_results_classified_classified_detail_L","https://mms.seloger.com/c/9/7/f/c97fc1f3-ef25-4662-895e-a86992742b29.jpg?ci_seal=8339336e442308271d3bb8712e31b622fa79c590&h=50","https://mms.seloger.com/c/2/1/1/c2119cb0-8f17-4502-8592-4562f3fb3ef7.jpg?ci_seal=2e81ca15bd46f3155bd31bd0212c22b9b7661aa6&w=525&h=394","https://mms.seloger.com/6/5/5/b/655bc5c4-258f-4347-92f3-607e05139143.jpg?ci_seal=b0fa7b99cabbd3c0c2ccbedeaaedf5e3edb2b271&w=525&h=394","https://mms.seloger.com/7/8/5/f/785fdd89-d146-4e11-b5df-412db25028f5.jpg?ci_seal=d42dfabd5d3277f5cde9d62bcfe7fbd48cdff824&w=525&h=394","1 / 4","","434 000 €","6 113 €/m²","Appartement à vendre - neuf","3 pièces","·","2 chambres","71 m²","·","Étage 1/2","La Palasse, Toulon (83100)","iad France - Bruno Moullet vous propose : Appartement T3 de 71 m² environ avec terrasse de 23 m² environ et double garage, au sein d'un domaine privé à TOULON - Vivez dans un écrin de nature de plus ...","","iad France  Bruno Moullet","Découvrez les options de financement"
"https://www.seloger.com/annonces/achat/appartement/toulon-83/258493595.htm?serp_view=list&search=distributionTypes%3DBuy%26estateTypes%3DHouse%2CApartment%26locations%3DPOCOFR5333%26page%3D4&sort_order_ab_test=sort_order_reference&feature_aiEnrichment=false#ln=classified_search_results&m=classified_search_results_classified_classified_detail_L","https://mms.seloger.com/9/9/7/f/997f5cbc-ebe0-4a04-ae83-9a2c24075fee.jpg?ci_seal=df40e79f68c86fa05265171d1a58a4c795191fb0&h=50","https://mms.seloger.com/0/6/5/4/0654e607-a863-4fdf-bdd9-289cf0a52681.jpg?ci_seal=2537e9ef3f4abda6e629e3252b384f50755b3b0b&w=525&h=394","https://mms.seloger.com/d/a/2/2/da22b52f-0730-44a8-8ae8-b59d9d58ddc9.jpg?ci_seal=60d675ed2b97c2a97e6eb30c3994ce54f87268a9&w=525&h=394","https://mms.seloger.com/1/3/b/6/13b632d1-f4fe-4333-81a0-56b1ae070e31.jpg?ci_seal=6587739f4e0d16edc489a12cec7749e409a3f96e&w=525&h=394","1 / 9","C","155 000 €","3 298 €/m²","Appartement à vendre","2 pièces","·","1 chambre","47 m²","·","Étage 4/4","Toulon (83200)","TOULON OUEST- Appartement T2 coup de coeur – Dernier étage avec ascenseur et balcon –Vue Mont Faron- Évolution possible en T3 – Résidence de 2013 Situé dans le quartier Pré-Fauchier, proche de toutes...","Exclusivité","Elios Group France","Découvrez les options de financement"
"https://www.seloger.com/annonces/achat/maison/toulon-83/262630719.htm?serp_view=list&search=distributionTypes%3DBuy%26estateTypes%3DHouse%2CApartment%26locations%3DPOCOFR5333%26page%3D4&sort_order_ab_test=sort_order_reference&feature_aiEnrichment=false#ln=classified_search_results&m=classified_search_results_classified_classified_detail_L","https://mms.seloger.com/a/2/3/f/a23f341f-aa6d-41e9-a5a5-52e8a29137b7.jpg?ci_seal=56025b934943dc2b7b1073fa28a43f88114bcb9f&h=50","https://mms.seloger.com/6/3/4/e/634e0a73-5b61-450f-8f48-55e55e59d910.jpg?ci_seal=1a047775aad99b6d14bdec153c35a302d2ab1d62&w=525&h=394","https://mms.seloger.com/c/a/3/c/ca3c1c05-314d-4114-a3a8-691ef8649e3a.jpg?ci_seal=785a70c51050b97a4b95d11e8e5c06dc3e780bc3&w=525&h=394","https://mms.seloger.com/5/4/2/4/54249818-5782-4f7a-9fd1-a3676eda5962.jpg?ci_seal=56f77f6552627585467beb6f5dc67d0f35b523e0&w=525&h=394","1 / 10","F","220 000 €","3 056 €/m²","Maison à vendre","4 pièces","·","3 chambres","72 m²","·","182 m² de terrain","Toulon (83100)","TOULON BAS FARON EST - Situé à proximité des commerces et de l'école Notre Dame. OPPORTUNITÉ À SAISIR Maison de caractère 72 m² + dépendance Terrain 182 m² Nous vous proposons une maison de 72 m² ( 3...","","IBOX Ecoquartier Font Pré","Découvrez les options de financement"
"","","","","","","","","","","","","","","","","","","","",""
"https://www.seloger.com/annonces/achat/maison/toulon-83/255913739.htm?serp_view=list&search=distributionTypes%3DBuy%26estateTypes%3DHouse%2CApartment%26locations%3DPOCOFR5333%26page%3D4&sort_order_ab_test=sort_order_reference&feature_aiEnrichment=false#ln=classified_search_results&m=classified_search_results_classified_classified_detail_L","https://mms.seloger.com/7/d/1/a/7d1adc0c-80e4-451e-b583-3c646e1402da.jpg?ci_seal=91385138bb7da19b755c0c903dc8d16b847e9800&h=50","https://mms.seloger.com/0/a/8/3/0a831554-5e18-48f0-8f6a-962ed55b8aa4.jpg?ci_seal=9cf5f7f4b5d5131b1dfca2eb1956e1ddbca117f8&w=525&h=394","https://mms.seloger.com/d/f/0/6/df06ed10-5b04-4fa5-8a35-bc41bd964285.jpg?ci_seal=aca1fbe43484b68e5630987b83d6933026f8110c&w=525&h=394","https://mms.seloger.com/2/0/c/8/20c8813b-f615-4bb8-8d9d-9e3fceb110ae.jpg?ci_seal=df63099b1ad0f8ccf11cbaacd74ff62501b64799&w=525&h=394","1 / 18","D","1 090 000 €","5 070 €/m²","Maison à vendre","6 pièces","·","4 chambres","215 m²","·","3 340 m² de terrain","Toulon (83200)","Située dans le très recherché quartier du Faron, cette maison construite en 1980 offre environ 215m² de surface habitable sur un terrain de 3 340 m², bénéficiant d’une vue panoramique exceptionnelle ...","","IBOX LES SABLETTES","Investissez dans l'immobilier"
"https://www.seloger.com/annonces/achat/appartement/toulon-83/262366127.htm?serp_view=list&search=distributionTypes%3DBuy%26estateTypes%3DHouse%2CApartment%26locations%3DPOCOFR5333%26page%3D4&sort_order_ab_test=sort_order_reference&feature_aiEnrichment=false#ln=classified_search_results&m=classified_search_results_classified_classified_detail_L","https://mms.seloger.com/a/2/3/f/a23f341f-aa6d-41e9-a5a5-52e8a29137b7.jpg?ci_seal=56025b934943dc2b7b1073fa28a43f88114bcb9f&h=50","https://mms.seloger.com/d/6/9/c/d69c167e-314c-48ca-bb0c-0dacab8eb034.jpg?ci_seal=faa0b9c4a7cec75d659d94f0c1a8265a1c79d7e1&w=525&h=394","https://mms.seloger.com/4/a/7/5/4a751904-48cd-4454-8043-f54bbc34309e.jpg?ci_seal=e354147ea3143822702a990b7a855f40d720b8a2&w=525&h=394","https://mms.seloger.com/2/d/e/e/2dee8579-8e0b-431c-8541-449a9f7926f9.jpg?ci_seal=6a20a2bfde1d6df4a9519d38f7a3bd1e440ca67f&w=525&h=394","1 / 9","D","207 500 €","2 904 €/m²","Appartement à vendre","4 pièces","·","3 chambres","71,5 m²","·","RDC/3","Toulon (83000)","TOULON BAS FARON- APPARTEMENT T4 DE 71 M² 3 CHAMBRES BALCON-LOGGIA CAVE ET PARKING COLLECTIF Dans une résidence au calme, venez découvrir ce bel appartement T4 situé au rez-de-chaussée surélevé compr...","","IBOX Ecoquartier Font Pré","Investissez dans l'immobilier"
"https://www.seloger.com/annonces/achat/appartement/toulon-83/260541097.htm?serp_view=list&search=distributionTypes%3DBuy%26estateTypes%3DHouse%2CApartment%26locations%3DPOCOFR5333%26page%3D4&sort_order_ab_test=sort_order_reference&feature_aiEnrichment=false#ln=classified_search_results&m=classified_search_results_classified_classified_detail_L","https://mms.seloger.com/7/d/1/a/7d1adc0c-80e4-451e-b583-3c646e1402da.jpg?ci_seal=91385138bb7da19b755c0c903dc8d16b847e9800&h=50","https://mms.seloger.com/4/0/c/9/40c97102-5dea-4fca-af19-f089bb517a76.jpg?ci_seal=44b27956e325c7595276d9d5606bd30906aae27a&w=525&h=394","https://mms.seloger.com/e/7/4/d/e74db202-a55b-48b2-8479-53bd2b92d0be.jpg?ci_seal=93aa5e320442ffa11ad996d1981d0f83c756e975&w=525&h=394","https://mms.seloger.com/3/0/8/4/3084620b-2b5f-434d-960a-a45d5182444d.jpg?ci_seal=861173e877094c3a28c8d64c43d01a98bb7fd7a0&w=525&h=394","1 / 14","E","270 000 €","2 842 €/m²","Appartement à vendre","4 pièces","·","2 chambres","95 m²","·","Étage 1/1","Toulon (83100)","Toulon - Ortolan, laissez vous séduire par ce charmant haut de villa au premier et dernier étage, situé dans une maison divisée en deux logements. D’une surface de 57 m² Carrez, ce bien se compose d’...","Exclusivité","IBOX LES SABLETTES","Découvrez les options de financement"
"https://www.seloger.com/annonces/achat/appartement/toulon-83/261346301.htm?serp_view=list&search=distributionTypes%3DBuy%26estateTypes%3DHouse%2CApartment%26locations%3DPOCOFR5333%26page%3D4&sort_order_ab_test=sort_order_reference&feature_aiEnrichment=false#ln=classified_search_results&m=classified_search_results_classified_classified_detail_L","","https://mms.seloger.com/3/1/5/8/315813ea-511e-4726-a65b-31abfaa7b585.jpg?ci_seal=e4546a8dffb5bbdabfb4db4304d77f1649ce81ef&w=525&h=394","https://mms.seloger.com/5/2/4/2/5242c2fc-6a13-43b6-8903-f1ff320eb402.jpg?ci_seal=0b45cb91de994f90f35ef5480d04d0af48e28d6d&w=525&h=394","https://mms.seloger.com/c/7/2/8/c7285f61-2885-4294-94d5-01cc94306097.jpg?ci_seal=1fb3096e14f85c93dff90ba8ccce073a0984cd98&w=525&h=394","1 / 8","D","92 000 €","2 026 €/m²","Appartement à vendre","3 pièces","·","2 chambres","45,4 m²","·","Étage 2/3","Toulon (83100)","Situé sur le secteur recherché de Saint Jean, découvrez cet appartement T3 de 45 m², situé au 1er étage d’un immeuble. Il se compose d’une entrée, d’un séjour lumineux, d’une cuisine indépendante, de...","","KEYSTONE IMMOBILIER","Investissez dans l'immobilier"
"","","","","","","","","","","","","","","","","","","","",""
"https://www.seloger.com/annonces/achat/appartement/toulon-83/260654841.htm?serp_view=list&search=distributionTypes%3DBuy%26estateTypes%3DHouse%2CApartment%26locations%3DPOCOFR5333%26page%3D4&sort_order_ab_test=sort_order_reference&feature_aiEnrichment=false#ln=classified_search_results&m=classified_search_results_classified_classified_detail_L","https://mms.seloger.com/7/d/1/a/7d1adc0c-80e4-451e-b583-3c646e1402da.jpg?ci_seal=91385138bb7da19b755c0c903dc8d16b847e9800&h=50","https://mms.seloger.com/7/4/0/0/74007ffc-a5ca-4706-b0d9-dcef56c9be6a.jpg?ci_seal=aa340e39d1c64ef756df87265edf00427a7fd988&w=525&h=394","https://mms.seloger.com/1/b/c/8/1bc81a67-01a8-492d-8e1c-d3f95cf77bbf.jpg?ci_seal=eb219cbcbfc1ae56661730df9934026796e1c8e7&w=525&h=394","https://mms.seloger.com/c/c/a/8/cca855b3-12e6-47b7-98d6-4f2320617b85.jpg?ci_seal=01eaa7bec7cb5f35e7ca5add5630790bb89fd108&w=525&h=394","1 / 12","C","267 000 €","3 708 €/m²","Appartement à vendre","5 pièces","·","4 chambres","72 m²","·","Étage 2/5","Toulon (83000)","Rare à la vente ! Situé en plein cœur de Toulon, à deux pas de la mairie, des commerces, du port et des transports, ce magnifique appartement T5 de 72 m² se trouve au sein d’un immeuble ancien de car...","Exclusivité","IBOX LES SABLETTES","Découvrez les options de financement"
"https://www.bellesdemeures.com/245353603/detail.htm?serp_view=list&search=distributionTypes%3DBuy%26estateTypes%3DHouse%2CApartment%26locations%3DPOCOFR5333%26page%3D4&sort_order_ab_test=sort_order_reference&feature_aiEnrichment=false#ln=classified_search_results&m=classified_search_results_classified_classified_detail_XL","https://mms.seloger.com/c/2/1/3/c2131624-9a99-4bc7-8569-55da76e6427e.jpg?ci_seal=73ed2535226ca230d07e37d1ab2b625059c4bb13&h=50","https://mms.seloger.com/4/7/e/a/47eaccf9-4852-4e82-9a7e-8b37fb19385f.jpg?ci_seal=afa1f18f23709ff59d4fafcbcb301cd3fc4423fe&w=626&h=470","https://mms.seloger.com/d/8/3/2/d832500c-6f01-4f8e-ae46-e21117a4bff4.jpg?ci_seal=460376e4d561bea6e2898beb2e7e4d0f87182f0e&w=626&h=470","https://mms.seloger.com/4/4/8/5/448589a4-5982-494d-b213-8cde5edab318.jpg?ci_seal=9e58b8a76cfb832bcb377d5a7b6572ebdb0dc825&w=626&h=470","1 / 18","G","1 598 000 €","6 658 €/m²","Villa à vendre","7 pièces","·","5 chambres","240 m²","·","6 300 m² de terrain","Claret, Toulon (83200)","TOULON FARON MAGNIFIQUE VILLA D'ARCHITECTE VUE MER édifiée en 1963 sur une parcelle de plus de 6300m² de terrain au calme et bénéficiant d'une magnifique vue mer panoramique orientée Sud-Ouest. La vi...","À voir sur Belles Demeures","CANAT & WARTON - TOULON",""
"https://www.seloger.com/annonces/achat/appartement/toulon-83/la-palasse/257709805.htm?serp_view=list&search=distributionTypes%3DBuy%26estateTypes%3DHouse%2CApartment%26locations%3DPOCOFR5333%26page%3D4&sort_order_ab_test=sort_order_reference&feature_aiEnrichment=false#ln=classified_search_results&m=classified_search_results_classified_classified_detail_L","https://mms.seloger.com/c/9/7/f/c97fc1f3-ef25-4662-895e-a86992742b29.jpg?ci_seal=8339336e442308271d3bb8712e31b622fa79c590&h=50","https://mms.seloger.com/7/e/8/e/7e8ef25d-6f38-4479-9225-ec9839f28403.jpg?ci_seal=f395bfbe69b9a72b2e09b7937b735ebda4a1d392&w=525&h=394","https://mms.seloger.com/4/3/8/e/438e7402-b58a-4fe2-b33e-8cefefec6d23.jpg?ci_seal=516fe2316d98e1da8eed83a2f3d40da73f297c92&w=525&h=394","https://mms.seloger.com/7/e/8/e/7e8ef25d-6f38-4479-9225-ec9839f28403.jpg?ci_seal=f395bfbe69b9a72b2e09b7937b735ebda4a1d392&w=525&h=394","1 / 2","","410 000 €","5 857 €/m²","Appartement à vendre - neuf","3 pièces","·","2 chambres","70 m²","·","RDC","La Palasse, Toulon (83100)","iad France - Bruno Moullet vous propose : Appartement T3 de 70 m² environ avec terrasse 13 m² environ et double garage, au sein d'un domaine privé à TOULON - Vivez dans un écrin de nature de plus de ...","","iad France  Bruno Moullet","Découvrez les options de financement"
"https://www.seloger.com/annonces/achat/maison/toulon-83/les-routes/256768479.htm?serp_view=list&search=distributionTypes%3DBuy%26estateTypes%3DHouse%2CApartment%26locations%3DPOCOFR5333%26page%3D4&sort_order_ab_test=sort_order_reference&feature_aiEnrichment=false#ln=classified_search_results&m=classified_search_results_classified_classified_detail_L","https://mms.seloger.com/6/1/1/e/611e7e1e-abe6-469c-8154-6e91108d162b.jpg?ci_seal=6c7ba04847002d1025da56d1318fe3da3fa62f11&h=50","https://mms.seloger.com/2/d/c/c/2dccd6b8-c320-4f45-8e8a-fff91eaef832.jpg?ci_seal=a96df758e1b362244fb5360d61522254c65ab37a&w=525&h=394","https://mms.seloger.com/3/a/e/1/3ae167d0-99d1-4403-b2d1-a41ab9c5d5c1.jpg?ci_seal=7b9d4554c3476a2a6a46d990c5a95c99f5b786f8&w=525&h=394","https://mms.seloger.com/e/9/1/d/e91ddddd-995a-4c85-aaa8-3ff992b7d2c6.jpg?ci_seal=b46969d1e7b2351bd06b68ea95cda03d8ee666b8&w=525&h=394","1 / 10","","495 000 €","2 750 €/m²","Maison à vendre","4 pièces","·","3 chambres","180 m²","","","Les Routes, Toulon (83200)","GABRIELE IMMOBILIER vous présente à la vente cette maison individuelle de 180 m2 environ, située dans le quartier résidentiel recherché de Valbertrand à TOULON , elle offre un potentiel exceptionnel ...","","GABRIELE IMMOBILIER","Découvrez les options de financement"
"https://www.seloger.com/annonces/achat/appartement/toulon-83/262566707.htm?serp_view=list&search=distributionTypes%3DBuy%26estateTypes%3DHouse%2CApartment%26locations%3DPOCOFR5333%26page%3D4&sort_order_ab_test=sort_order_reference&feature_aiEnrichment=false#ln=classified_search_results&m=classified_search_results_classified_classified_detail_L","https://mms.seloger.com/a/2/3/f/a23f341f-aa6d-41e9-a5a5-52e8a29137b7.jpg?ci_seal=56025b934943dc2b7b1073fa28a43f88114bcb9f&h=50","https://mms.seloger.com/0/3/a/a/03aa7add-2ea1-4550-8ea9-cd85bc3adeb6.jpg?ci_seal=985ffc85da6f6c7340a4bca72c409c193bdafffe&w=525&h=394","https://mms.seloger.com/2/a/4/e/2a4e94c0-3765-4700-8b3b-c3a28fc78bb0.jpg?ci_seal=e366cd966d9fc5017a9b53326abd621b364bbb0d&w=525&h=394","https://mms.seloger.com/0/3/8/c/038cb1ce-f675-4b51-804d-36516bfc131c.jpg?ci_seal=21d10f092ead9d1860754b4070027d36f8f24d0d&w=525&h=394","1 / 8","","198 000 €","3 536 €/m²","Appartement à vendre","3 pièces","·","2 chambres","56 m²","·","Étage 4/7","Toulon (83100)","TOULON EST-ECO QUARTIER: Dans une résidence avec ascenseur, appartement de type 3 de 56m² avec terrasse et possibilité garage. Il se compose d'un séjour avec cuisine overte donnant sur une terrasse, ...","Exclusivité","IBOX Ecoquartier Font Pré","Investissez dans l'immobilier"
"https://www.seloger.com/annonces/achat/appartement/toulon-83/252400169.htm?serp_view=list&search=distributionTypes%3DBuy%26estateTypes%3DHouse%2CApartment%26locations%3DPOCOFR5333%26page%3D4&sort_order_ab_test=sort_order_reference&feature_aiEnrichment=false#ln=classified_search_results&m=classified_search_results_classified_classified_detail_L","https://mms.seloger.com/7/d/1/a/7d1adc0c-80e4-451e-b583-3c646e1402da.jpg?ci_seal=91385138bb7da19b755c0c903dc8d16b847e9800&h=50","https://mms.seloger.com/1/3/b/d/13bd344a-cfb2-4c4e-9e75-d12a1260d427.jpg?ci_seal=6f0c4feb3f4045ce95c1f5ec0158ea957d8fbdc8&w=525&h=394","https://mms.seloger.com/f/3/b/3/f3b3ff57-5a07-4cbf-9c46-d7fdfbc05f37.jpg?ci_seal=8e26c873e437a2e9cd70713516911674c68fa678&w=525&h=394","https://mms.seloger.com/2/5/f/1/25f16ed3-491a-4217-9992-a62e271095c2.jpg?ci_seal=c1a8d71bcb9a9998f9805dce5c16467caaef5d0a&w=525&h=394","1 / 18","C","550 000 €","3 643 €/m²","Appartement à vendre","5 pièces","·","4 chambres","151 m²","·","2ème étage","Toulon (83000)","HAUTE VILLE- EMPLACEMENT PRIVILEGIE. Idéalement situé au coeur de la haute ville, cet appartement de 150 m² offre un cadre de vie rare, alliant élégance, confort et luminosité. Dés l'entrée, vous ser...","","IBOX VAUBAN - AGENCE DE LA GARE","Découvrez les options de financement"
"","","","","","","","","","","","","","","","","","","","",""
"https://www.seloger.com/annonces/achat/appartement/toulon-83/260052067.htm?serp_view=list&search=distributionTypes%3DBuy%26estateTypes%3DHouse%2CApartment%26locations%3DPOCOFR5333%26page%3D4&sort_order_ab_test=sort_order_reference&feature_aiEnrichment=false#ln=classified_search_results&m=classified_search_results_classified_classified_detail_L","","https://mms.seloger.com/5/4/a/a/54aa016e-82db-4303-849f-378b46f3affb.jpg?ci_seal=9ab6180e5bc36dc8fcdfcf36c7a21726afc3c417&w=525&h=394","https://mms.seloger.com/5/4/0/2/5402d2a0-bb1e-48a1-a261-fc0803a8bb6a.jpg?ci_seal=c091a3b5bcc74e56ead9f1b3156a3797bf469b85&w=525&h=394","https://mms.seloger.com/4/6/0/8/4608bcfa-bbef-4d8c-bcbc-2fa37e76b06a.jpg?ci_seal=23d70d4d1c9fe44b9904460020522ea15046780d&w=525&h=394","1 / 7","B","184 000 €","2 217 €/m²","Appartement à vendre","4 pièces","·","2 chambres","83 m²","·","Étage 7/9","Toulon (83100)","BAISSE DE PRIX - LIMITROPHE LA VALETTE DU VAR - APPARTEMENT 2 CHAMBRES - 3ème CHAMBRE POSSIBLE - PARKING COLLECTIF - CAVE - FAÇADE VOTÉE , PAYÉE , EN COURS DE RÉALISATION. L'agence Laforêt vous propo...","","TOULON IMMOBILIER CONSEIL","Découvrez les options de financement"
"https://www.seloger.com/annonces/achat/appartement/toulon-83/259532241.htm?serp_view=list&search=distributionTypes%3DBuy%26estateTypes%3DHouse%2CApartment%26locations%3DPOCOFR5333%26page%3D4&sort_order_ab_test=sort_order_reference&feature_aiEnrichment=false#ln=classified_search_results&m=classified_search_results_classified_classified_detail_L","https://mms.seloger.com/7/d/1/a/7d1adc0c-80e4-451e-b583-3c646e1402da.jpg?ci_seal=91385138bb7da19b755c0c903dc8d16b847e9800&h=50","https://mms.seloger.com/c/5/8/e/c58ecc3d-c7a1-4eb2-ad57-c58d918a7303.jpg?ci_seal=83f85168bd476fff74dae59c5ccd2bb22c61a00b&w=525&h=394","https://mms.seloger.com/0/4/0/6/04060ee1-b1f2-4ad7-93a1-c6475c6dcc0c.jpg?ci_seal=98f90f744d074cb42da8519d0838a12ed779ae66&w=525&h=394","https://mms.seloger.com/6/b/9/6/6b965980-1d30-45e0-a907-5b1b009e9c9a.jpg?ci_seal=28a55b13401b6162f2a70c1a7eecaf38204c3a2e&w=525&h=394","1 / 15","D","269 000 €","2 874 €/m²","Appartement à vendre","5 pièces","·","3 chambres","93,6 m²","·","Étage 2/8","Toulon (83200)","TOULON APPARTEMENT T5 Venez découvrir ce magnifique appartement de Type T5 de 93,60 m2 situé sur les hauteurs de Toulon dans un environnement au calme absolu. Cet appartement se compose de trois magn...","Exclusivité","IBOX LES SABLETTES","Découvrez les options de financement"
"https://www.seloger.com/annonces/achat/maison/toulon-83/le-faron-fort-rouge/234113527.htm?serp_view=list&search=distributionTypes%3DBuy%26estateTypes%3DHouse%2CApartment%26locations%3DPOCOFR5333%26page%3D4&sort_order_ab_test=sort_order_reference&feature_aiEnrichment=false#ln=classified_search_results&m=classified_search_results_classified_classified_detail_L","https://mms.seloger.com/5/a/0/7/5a07bd18-201c-444c-8e02-d07a88ce3d9e.jpg?ci_seal=bac5596972ddb1ed839b1a736d9bbc5cf7ca2b4a&h=50","https://mms.seloger.com/d/9/1/f/d91f2367-5afc-4509-aa27-bb041be2a055.jpg?ci_seal=90dacd5f91d8df426fd24ee8899da12be7381bc7&w=525&h=394","https://mms.seloger.com/1/b/4/e/1b4e0333-490d-42a4-b463-0dfcd8ccccf8.jpg?ci_seal=a72d44414cb9eb665f1785e65f8ef02d6ea3021c&w=525&h=394","https://mms.seloger.com/2/d/2/2/2d2226e6-a8ad-4372-97c1-c8ee169ec0c3.jpg?ci_seal=a5be71918b0030b639e446adef7e8a45938dcd27&w=525&h=394","1 / 10","D","Bouquet 220 000 €","et 800 €/mois","Maison en viager · occupé","4 pièces","·","2 chambres","131 m²","","","Le Faron-Fort-Rouge, Toulon (83000)","Viagimmo Toulon vous propose un VIAGER OCCUPÉ au profit d'une Homme de 73 ans . Toulon , secteur Mont Faron ,splendide Appartement T4 de 131 m2. Véritable balcon sur la mer ,dès l'entrée, votre regar...","","Viagimmo Toulon","Découvrez les options de financement"
"https://www.seloger.com/annonces/achat/maison/toulon-83/254780067.htm?serp_view=list&search=distributionTypes%3DBuy%26estateTypes%3DHouse%2CApartment%26locations%3DPOCOFR5333%26page%3D4&sort_order_ab_test=sort_order_reference&feature_aiEnrichment=false#ln=classified_search_results&m=classified_search_results_classified_classified_detail_L","https://mms.seloger.com/9/d/d/8/9dd81f4a-58fb-437f-ae19-372ebb5bcd5b.jpg?ci_seal=a7c29c0b1d27bea4d407d8abb093f2c40961f7e4&h=50","https://mms.seloger.com/b/b/3/4/bb34db87-c883-48b2-ba22-14edc7a7a294.jpg?ci_seal=968b91a47e4075f715768b32509b1eb38fd55b1d&w=525&h=394","https://mms.seloger.com/0/a/c/f/0acf2631-309f-49b5-a4c0-270f14118c47.jpg?ci_seal=9f9c15e75ddc8dee699b668101688ddaf5ff60a6&w=525&h=394","https://mms.seloger.com/d/5/0/5/d505662d-273f-45cc-9b9f-8f765d6489fa.jpg?ci_seal=dfdd7009605a83209de7e025b56775b2dbe6beaa&w=525&h=394","1 / 14","D","Bouquet 213 805 €","","Maison en viager","4 pièces","·","2 chambres","107 m²","","","Toulon (83200)","Vente en VIAGER nue-propriété ! Opportunité d'investissement Toulon Ouest, sur deux têtes homme de 77 ans et femme de 71 ans Dans un secteur recherché, au calme, entouré de nature, cette maison indép...","Exclusivité","VICTORIA IMMOBILIER","Découvrez les options de financement"