prix,surface,prix_m2,nb_pieces,type,quartier,energie,ville
210000.0,60.0,3500.0,3.0,Appartement,Centre-Ville,E,Toulon
658000.0,204.1,3224.0,8.0,Maison,Centre-Ville,E,Toulon
255120.0,60.1,4242.0,3.0,Appartement,Centre-Ville,B,Toulon
220000.0,42.0,5238.0,2.0,Appartement,Cap Brun,A,Toulon
210000.0,65.0,3231.0,3.0,Appartement,Pont-Du-Las,B,Toulon
615000.0,67.0,9179.0,3.0,Appartement,Cap Brun,A,Toulon
230000.0,85.0,2706.0,4.0,Appartement,Les Routes,C,Toulon
560000.0,102.0,5490.0,4.0,Appartement,Centre-Ville,C,Toulon
180000.0,147.6,1220.0,6.0,Appartement,Centre-Ville,C,Toulon
490000.0,135.0,3630.0,6.0,Maison,Centre-Ville,E,Toulon
2495000.0,373.0,6689.0,10.0,Maison,Centre-Ville,B,Toulon
258000.0,68.0,3794.0,3.0,Appartement,Les Ameniers,D,Toulon
159000.0,65.0,2446.0,3.0,Appartement,La Rode,D,Toulon
103200.0,52.0,1985.0,3.0,Appartement,Saint Jean Du Var,D,Toulon
210000.0,73.0,2877.0,3.0,Appartement,Super-Toulon,C,Toulon
655000.0,125.0,5240.0,6.0,Maison,Centre-Ville,C,Toulon
243000.0,73.0,3329.0,3.0,Appartement,Super-Toulon,C,Toulon
169000.0,52.0,3250.0,2.0,Appartement,Saint Roch,D,Toulon
315000.0,105.0,3000.0,4.0,Appartement,La Serinette,C,Toulon
1680000.0,280.0,6000.0,7.0,Maison,Cap Brun,B,Toulon
223000.0,78.0,2859.0,4.0,Appartement,Saint Roch,C,Toulon
128900.0,50.0,2578.0,3.0,Appartement,Centre-Ville,D,Toulon
102800.0,40.3,2551.0,2.0,Appartement,Centre-Ville,F,Toulon
289000.0,41.0,7049.0,2.0,Appartement,Cap Brun,A,Toulon
393000.0,65.0,6046.0,3.0,Appartement,Cap Brun,A,Toulon
1260000.0,151.0,8344.0,4.0,Appartement,Cap Brun,A,Toulon
279000.0,70.0,3986.0,4.0,Appartement,Place D'Armes,B,Toulon
348500.0,86.0,4052.0,5.0,Appartement,Place D'Armes,B,Toulon
115000.0,2.0,5180.0,1.0,Appartement,Saint Roch,C,Toulon
171200.0,53.7,3191.0,3.0,Appartement,Aguillon,D,Toulon
369000.0,78.0,4731.0,3.0,Appartement,La Serinette,C,Toulon
810000.0,150.0,5400.0,7.0,Maison,Trois Quartiers-Siblas,D,Toulon
318000.0,100.5,3164.0,5.0,Appartement,Mourillon-Centre,C,Toulon
211000.0,62.0,3403.0,3.0,Appartement,Centre-Ville,A,Toulon
880000.0,120.0,7333.0,5.0,Appartement,Mourillon-Centre,B,Toulon
242000.0,51.5,4703.0,2.0,Appartement,Cap Brun,D,Toulon
117000.0,56.0,2089.0,3.0,Appartement,Centre-Ville,C,Toulon
1090000.0,212.0,5142.0,5.0,Appartement,Centre-Ville,B,Toulon
1490000.0,153.0,9739.0,5.0,Appartement,Centre-Ville,D,Toulon
1100000.0,115.0,9565.0,3.0,Appartement,Cap Brun,D,Toulon
225000.0,65.0,3462.0,3.0,Appartement,Le Jonquet,C,Toulon
229000.0,82.0,2793.0,3.0,Appartement,Centre-Ville,D,Toulon
160000.0,33.0,4848.0,2.0,Appartement,Mourillon-Sud,C,Toulon
2484000.0,165.0,15055.0,6.0,Maison,Cap Brun,C,Toulon
880000.0,157.0,5605.0,6.0,Maison,Centre-Ville,D,Toulon
473000.0,85.0,5565.0,4.0,Maison,Centre-Ville,C,Toulon
1598000.0,240.0,6658.0,7.0,Maison,Claret,G,Toulon
95000.0,1.0,3519.0,1.0,Appartement,Centre-Ville,D,Toulon
725000.0,135.0,5370.0,5.0,Maison,Centre-Ville,C,Toulon
230000.0,51.0,4508.0,2.0,Appartement,Mourillon-Centre,C,Toulon
770000.0,150.0,5133.0,6.0,Maison,Le Faron-Fort-Rouge,E,Toulon
259000.0,98.0,2643.0,4.0,Appartement,Champ De Mars,D,Toulon
370000.0,86.0,4302.0,3.0,Appartement,Centre-Ville,C,Toulon
226000.0,64.0,3531.0,4.0,Appartement,Notre Dame Des Routes,E,Toulon
425000.0,83.0,5120.0,4.0,Maison,Valbertrand,A,Toulon
206700.0,65.0,3180.0,3.0,Appartement,Centre-Ville,E,Toulon
185000.0,67.0,2761.0,4.0,Appartement,Centre-Ville,D,Toulon
254000.0,70.0,3629.0,4.0,Appartement,La Serinette,D,Toulon
589000.0,146.5,4020.0,5.0,Maison,Centre-Ville,C,Toulon
420000.0,80.0,5250.0,4.0,Appartement,Centre-Ville,D,Toulon
180000.0,83.0,2169.0,4.0,Appartement,Saint Roch,D,Toulon
970000.0,142.0,6831.0,5.0,Maison,Cap Brun,B,Toulon
170000.0,60.0,2833.0,3.0,Appartement,Champ De Mars,E,Toulon
380000.0,86.0,4419.0,4.0,Maison,Centre-Ville,D,Toulon
684000.0,136.0,5029.0,5.0,Maison,Centre-Ville,D,Toulon
315000.0,107.0,2944.0,5.0,Appartement,Centre-Ville,C,Toulon
265000.0,88.0,3011.0,4.0,Appartement,Centre-Ville,C,Toulon
250000.0,65.0,3846.0,3.0,Appartement,Centre-Ville,D,Toulon
2835000.0,169.0,16775.0,7.0,Maison,Mourillon-Sud,A,Toulon
596000.0,141.2,4222.0,7.0,Maison,Le Faron-Fort-Rouge,E,Toulon
125000.0,22.0,5682.0,2.0,Appartement,La Palasse,D,Toulon
154000.0,67.0,2299.0,3.0,Appartement,Champ De Mars,B,Toulon
599000.0,91.0,6582.0,4.0,Appartement,Mourillon-Sud,E,Toulon
187000.0,74.0,2527.0,4.0,Appartement,Brunet,D,Toulon
155000.0,64.3,2411.0,3.0,Appartement,Centre-Ville,D,Toulon
1100000.0,215.0,5116.0,11.0,Maison,La Serinette,D,Toulon
128000.0,33.0,3879.0,2.0,Appartement,La Serinette,C,Toulon
149000.0,61.0,2443.0,3.0,Appartement,Place D'Armes,G,Toulon
259000.0,72.0,3597.0,4.0,Appartement,Le Faron-Fort-Rouge,D,Toulon
400000.0,90.0,4444.0,5.0,Maison,Les Moulins,E,Toulon
165000.0,37.0,4459.0,2.0,Appartement,Mourillon-Centre,B,Toulon
99000.0,41.0,2415.0,2.0,Appartement,Centre-Ville,C,Toulon
219000.0,60.0,3650.0,3.0,Appartement,Cap Brun,C,Toulon
219000.0,60.0,3650.0,3.0,Appartement,Centre-Ville,B,Toulon
328000.0,77.0,4260.0,4.0,Maison,Centre-Ville,C,Toulon
259000.0,70.0,3700.0,3.0,Appartement,Centre-Ville,D,Toulon
139000.0,36.7,3787.0,2.0,Appartement,Centre-Ville,C,Toulon
125000.0,56.0,2232.0,3.0,Appartement,Temple,E,Toulon
499000.0,180.0,2772.0,9.0,Maison,Centre-Ville,D,Toulon
750000.0,135.0,5556.0,5.0,Maison,Centre-Ville,C,Toulon
825000.0,160.6,5139.0,6.0,Maison,Centre-Ville,B,Toulon
130000.0,42.4,3067.0,2.0,Appartement,Centre-Ville,C,Toulon
115000.0,50.8,2264.0,2.0,Appartement,Centre-Ville,D,Toulon
117000.0,61.0,1918.0,3.0,Appartement,Centre-Ville,D,Toulon
200000.0,62.0,3226.0,3.0,Appartement,Cap Brun,E,Toulon
755250.0,138.0,,3.0,Appartement,Cap Brun,E,Toulon
135000.0,42.0,3214.0,2.0,Appartement,Centre-Ville,D,Toulon
665000.0,142.0,4683.0,5.0,Maison,Cap Brun,C,Toulon
345000.0,113.0,3053.0,5.0,Appartement,Champ De Mars,B,Toulon
270000.0,85.0,3176.0,4.0,Appartement,Centre-Ville,C,Toulon
91000.0,2.0,3033.0,1.0,Appartement,Centre-Ville,D,Toulon
160000.0,35.0,4571.0,2.0,Appartement,Centre-Ville,A,Toulon
315000.0,100.0,3150.0,5.0,Appartement,Centre-Ville,C,Toulon
194000.0,72.0,2694.0,4.0,Maison,Centre-Ville,F,Toulon
129000.0,47.0,2745.0,2.0,Appartement,Super-Toulon,E,Toulon
597000.0,200.0,2985.0,6.0,Maison,Le Revest-Les-Eaux,B,Toulon
220000.0,72.0,3056.0,4.0,Maison,Centre-Ville,F,Toulon
1090000.0,215.0,5070.0,6.0,Maison,Centre-Ville,D,Toulon
345000.0,153.0,2255.0,6.0,Appartement,Super-Toulon,C,Toulon
207500.0,71.5,2904.0,4.0,Appartement,Centre-Ville,D,Toulon
270000.0,95.0,2842.0,4.0,Appartement,Centre-Ville,E,Toulon
175000.0,66.0,2652.0,3.0,Appartement,Saint Roch,D,Toulon
92000.0,45.4,2026.0,3.0,Appartement,Centre-Ville,D,Toulon
267000.0,72.0,3708.0,5.0,Appartement,Centre-Ville,C,Toulon
550000.0,151.0,3643.0,5.0,Appartement,Centre-Ville,C,Toulon
184000.0,83.0,2217.0,4.0,Appartement,Centre-Ville,B,Toulon
269000.0,93.6,2874.0,5.0,Appartement,Centre-Ville,D,Toulon
220000.0,131.0,800.0,4.0,Maison,Le Faron-Fort-Rouge,D,Toulon
213805.0,107.0,,4.0,Maison,Centre-Ville,D,Toulon
295000.0,85.8,3440.0,3.0,Appartement,Centre-Ville,D,Toulon
300000.0,86.2,3480.0,3.0,Appartement,Centre-Ville,C,Toulon
250000.0,71.3,3509.0,2.0,Appartement,Centre-Ville,C,Toulon
280000.0,67.1,4174.0,3.0,Appartement,Centre-Ville,D,Toulon
299000.0,72.0,4153.0,3.0,Appartement,Centre-Ville,D,Toulon
233000.0,83.0,2807.0,3.0,Appartement,Centre-Ville,C,Toulon
72500.0,67.5,737.0,3.0,Appartement,Place D'Armes,B,Toulon
460000.0,126.0,3651.0,4.0,Appartement,Centre-Ville,D,Toulon
530000.0,135.0,3926.0,6.0,Maison,Valbertrand,C,Toulon
745000.0,175.0,4257.0,6.0,Maison,Beaulieu-Darboussèdes,B,Toulon
130000.0,2.0,6842.0,1.0,Appartement,Centre-Ville,E,Toulon
256000.0,125.0,2048.0,4.0,Appartement,Super-Toulon,D,Toulon
694000.0,141.0,4922.0,5.0,Maison,Notre Dame Des Routes,D,Toulon
550000.0,152.0,3618.0,5.0,Appartement,Place D'Armes,C,Toulon
144000.0,68.0,2118.0,4.0,Appartement,Champ De Mars,D,Toulon
545000.0,95.0,5737.0,4.0,Maison,Centre-Ville,C,Toulon
145000.0,69.0,2101.0,3.0,Appartement,Centre-Ville,D,Toulon
165000.0,70.0,2357.0,4.0,Appartement,Centre-Ville,C,Toulon
290000.0,78.0,3718.0,4.0,Appartement,Port De Plaisance,C,Toulon
145000.0,50.0,2900.0,2.0,Appartement,Centre-Ville,D,Toulon
225000.0,78.0,2885.0,4.0,Appartement,Centre-Ville,D,Toulon
199900.0,69.0,2897.0,4.0,Appartement,Les Routes,D,Toulon
190000.0,86.0,2209.0,3.0,Appartement,Centre-Ville,D,Toulon
198000.0,54.0,3667.0,3.0,Appartement,Champ De Mars,C,Toulon
85000.0,37.0,2300.0,2.0,Appartement,Centre-Ville,E,Toulon
120000.0,66.5,1806.0,3.0,Appartement,Centre-Ville,D,Toulon
87200.0,1.0,3007.0,1.0,Appartement,Centre-Ville,F,Toulon
149000.0,71.0,2099.0,3.0,Appartement,Centre-Ville,C,Toulon
590000.0,131.0,4504.0,4.0,Maison,Notre Dame Des Routes,C,Toulon
400000.0,91.0,4396.0,5.0,Maison,Les Moulins,E,Toulon
560000.0,118.0,4746.0,5.0,Appartement,Cap Brun,C,Toulon
448000.0,82.0,5463.0,4.0,Appartement,Place D'Armes,B,Toulon
196300.0,54.0,3635.0,3.0,Appartement,Escaillon,D,Toulon
1290000.0,220.0,5864.0,9.0,Maison,Mourillon-Centre,D,Toulon
318000.0,86.0,3698.0,3.0,Appartement,Mourillon-Centre,C,Toulon
159000.0,45.0,3533.0,2.0,Appartement,Les Moulins,D,Toulon
198500.0,50.0,3970.0,2.0,Appartement,Mourillon-Centre,C,Toulon
168000.0,59.5,2823.0,3.0,Appartement,Centre-Ville,C,Toulon
215000.0,84.0,2560.0,4.0,Appartement,Les Routes,C,Toulon
199000.0,67.0,2970.0,3.0,Appartement,Saint Roch,C,Toulon
549000.0,91.0,6033.0,4.0,Maison,Notre Dame Des Routes,C,Toulon
250000.0,92.0,2717.0,5.0,Appartement,La Rode,D,Toulon
960000.0,186.0,5161.0,6.0,Maison,Cap Brun,D,Toulon
250000.0,99.0,2525.0,4.0,Appartement,Champ De Mars,B,Toulon
160000.0,86.2,1856.0,3.0,Appartement,Centre-Ville,C,Toulon
299000.0,83.0,3602.0,3.0,Appartement,Centre-Ville,B,Toulon
201680.0,77.0,2619.0,2.0,Appartement,Centre-Ville,C,Toulon
265000.0,67.0,3955.0,3.0,Appartement,Mourillon-Sud,D,Toulon
235000.0,74.0,3176.0,4.0,Appartement,Trois Quartiers-Siblas,D,Toulon
159000.0,81.0,1963.0,4.0,Appartement,Rodeilhac,D,Toulon
199000.0,57.0,3491.0,3.0,Appartement,Barbès-Valbourdin,C,Toulon
189900.0,71.8,2646.0,4.0,Appartement,Centre-Ville,C,Toulon
208949.0,85.3,2448.0,3.0,Appartement,Centre-Ville,C,Toulon
273000.0,63.0,4333.0,3.0,Appartement,Centre-Ville,D,Toulon
169000.0,80.0,2113.0,5.0,Appartement,Temple,C,Toulon
145000.0,57.0,2544.0,3.0,Appartement,Centre-Ville,C,Toulon
179000.0,64.1,2793.0,3.0,Appartement,Centre-Ville,C,Toulon
130600.0,66.0,1979.0,4.0,Appartement,Centre-Ville,C,Toulon
164000.0,48.0,3417.0,2.0,Appartement,Place D'Armes,D,Toulon
213000.0,45.0,4733.0,2.0,Appartement,Centre-Ville,B,Toulon
236000.0,46.0,5130.0,2.0,Appartement,Centre-Ville,B,Toulon
169600.0,61.0,2780.0,3.0,Appartement,Saint Jean Du Var,D,Toulon
1190000.0,240.0,4958.0,6.0,Maison,Cap Brun,D,Toulon
725000.0,156.0,4647.0,6.0,Maison,Valbertrand,C,Toulon
254000.0,60.0,4233.0,3.0,Appartement,Centre-Ville,B,Toulon
1090000.0,215.0,5070.0,6.0,Maison,Trois Quartiers-Siblas,D,Toulon
210000.0,68.0,3088.0,3.0,Appartement,Trois Quartiers-Siblas,C,Toulon
625000.0,120.0,5208.0,5.0,Maison,Mourillon-Sud,D,Toulon
190000.0,77.0,2468.0,3.0,Appartement,Valbertrand,D,Toulon
210000.0,80.0,2625.0,4.0,Maison,Rodeilhac,C,Toulon
178000.0,43.0,4140.0,2.0,Appartement,Centre-Ville,B,Toulon
283000.0,62.0,4565.0,3.0,Appartement,Centre-Ville,B,Toulon
199000.0,41.0,4854.0,2.0,Appartement,Centre-Ville,B,Toulon
139500.0,37.0,3770.0,2.0,Appartement,Place D'Armes,C,Toulon
1260000.0,166.0,7590.0,7.0,Maison,La Garde,A,Toulon
211000.0,45.0,4689.0,2.0,Appartement,Centre-Ville,B,Toulon
340500.0,66.5,5121.0,3.0,Appartement,Temple,B,Toulon
3900000.0,266.0,14662.0,8.0,Maison,Centre-Ville,C,Toulon
280000.0,60.0,4667.0,3.0,Appartement,Centre-Ville,B,Toulon
276000.0,60.0,4600.0,3.0,Appartement,Centre-Ville,B,Toulon
199900.0,90.3,2214.0,4.0,Appartement,Beaulieu-Darboussèdes,B,Toulon
335000.0,84.0,3988.0,4.0,Appartement,Centre-Ville,B,Toulon
161000.0,61.0,2639.0,3.0,Appartement,Champ De Mars,C,Toulon
256250.0,68.5,3742.0,3.0,Appartement,Cap Brun,C,Toulon
295000.0,53.0,5566.0,2.0,Appartement,Cap Brun,C,Toulon
198000.0,64.0,3094.0,3.0,Appartement,Temple,D,Toulon
498000.0,76.4,6523.0,4.0,Appartement,Centre-Ville,A,Toulon
272000.0,93.0,2925.0,4.0,Appartement,La Serinette,E,Toulon
229000.0,66.0,3470.0,3.0,Appartement,Centre-Ville,B,Toulon
335000.0,82.0,4085.0,4.0,Appartement,Centre-Ville,B,Toulon
399000.0,81.0,4926.0,4.0,Appartement,Mourillon-Centre,E,Toulon
96000.0,7.0,4000.0,1.0,Appartement,Saint Jean Du Var,C,Toulon
235400.0,54.0,4359.0,3.0,Appartement,Brunet,A,Toulon
860000.0,125.0,6880.0,5.0,Maison,Cap Brun,C,Toulon
250000.0,60.0,4167.0,3.0,Appartement,Centre-Ville,B,Toulon
1095000.0,219.0,5000.0,8.0,Maison,Trois Quartiers-Siblas,D,Toulon
1090000.0,212.0,5142.0,5.0,Appartement,Le Faron-Fort-Rouge,B,Toulon
275000.0,65.0,4231.0,3.0,Appartement,Centre-Ville,B,Toulon
445000.0,65.0,6846.0,3.0,Appartement,Cap Brun,A,Toulon
297000.0,61.0,4869.0,3.0,Appartement,Cap Brun,A,Toulon
780000.0,121.0,6446.0,4.0,Maison,Notre Dame Des Routes,A,Toulon
369000.0,113.0,3265.0,3.0,Appartement,La Serinette,C,Toulon
223230.0,70.1,3185.0,3.0,Appartement,Centre-Ville,C,Toulon
250000.0,85.0,2941.0,4.0,Appartement,Champ De Mars,B,Toulon
123900.0,51.0,2429.0,3.0,Appartement,Le Port,E,Toulon
665000.0,121.0,5496.0,5.0,Maison,Cap Brun,D,Toulon
118500.0,38.0,3118.0,2.0,Appartement,Centre Ville,C,Toulon
278000.0,84.0,3310.0,4.0,Appartement,La Rode,D,Toulon
205000.0,58.0,3534.0,3.0,Appartement,Mourillon-Centre,E,Toulon
149000.0,50.0,2980.0,2.0,Appartement,Cathedrale,C,Toulon
169000.0,72.0,2347.0,3.0,Appartement,Champ De Mars,D,Toulon
225000.0,70.0,3214.0,3.0,Appartement,Super-Toulon,D,Toulon
178500.0,78.0,2288.0,3.0,Appartement,Saint Roch,D,Toulon
440000.0,65.0,6769.0,3.0,Appartement,Cap Brun,A,Toulon
950000.0,170.0,5588.0,6.0,Maison,Cap Brun,A,Toulon
90000.0,38.0,2368.0,2.0,Appartement,Champ De Mars,C,Toulon
295000.0,62.0,4758.0,3.0,Maison,Rodeilhac,F,Toulon
118580.0,38.0,3124.0,2.0,Appartement,Centre-Ville,C,Toulon
153000.0,47.0,3255.0,2.0,Appartement,Rodeilhac,C,Toulon
256000.0,60.0,4267.0,3.0,Appartement,Centre-Ville,B,Toulon
308000.0,69.0,4464.0,3.0,Appartement,Champ De Mars,C,Toulon
172000.0,53.0,3245.0,3.0,Appartement,Centre-Ville,D,Toulon
263750.0,77.9,3387.0,3.0,Appartement,Centre-Ville,E,Toulon
113000.0,29.0,3897.0,2.0,Appartement,Saint Jean Du Var,D,Toulon
920000.0,165.0,5576.0,6.0,Maison,Pont De Suve-Collet De Gipon,B,Toulon
209000.0,65.0,3215.0,3.0,Appartement,Pont-Du-Las,B,Toulon
282000.0,61.0,4623.0,3.0,Appartement,Les Routes,C,Toulon
320000.0,58.0,5517.0,3.0,Appartement,Mourillon-Centre,D,Toulon
185000.0,60.0,3083.0,3.0,Appartement,Brunet,D,Toulon
525000.0,90.0,5833.0,5.0,Maison,Aguillon,A,Toulon
265000.0,71.0,3732.0,3.0,Appartement,Port De Plaisance,D,Toulon
199000.0,74.3,2679.0,3.0,Appartement,Centre-Ville,C,Toulon
149000.0,49.0,3041.0,2.0,Appartement,Champ De Mars,C,Toulon
699000.0,76.8,9100.0,3.0,Appartement,Centre-Ville,C,Toulon
179990.0,65.6,2742.0,3.0,Appartement,Centre-Ville,E,Toulon
170000.0,36.0,4722.0,2.0,Appartement,Brunet,B,Toulon
779900.0,123.0,6341.0,4.0,Maison,Notre Dame Des Routes,A,Toulon
1290000.0,220.0,5864.0,7.0,Maison,Mourillon-Centre,D,Toulon
278800.0,67.8,4114.0,3.0,Appartement,Centre-Ville,B,Toulon
141760.0,51.7,2743.0,3.0,Appartement,Centre-Ville,E,Toulon
159000.0,45.8,3472.0,2.0,Appartement,Champ De Mars,D,Toulon
299000.0,50.0,5980.0,2.0,Appartement,Pont De Suve-Collet De Gipon,B,Toulon
355000.0,62.0,5726.0,3.0,Appartement,Mourillon-Centre,C,Toulon
143000.0,47.3,3024.0,2.0,Appartement,Centre-Ville,G,Toulon
147500.0,45.0,3278.0,2.0,Appartement,Champ De Mars,C,Toulon
230000.0,59.0,3898.0,3.0,Appartement,Place D'Armes,A,Toulon
172000.0,40.0,4300.0,2.0,Appartement,Centre-Ville,D,Toulon
150000.0,224.0,2350.0,6.0,Appartement,Centre-Ville,D,Toulon
170000.0,89.0,1910.0,4.0,Appartement,Centre-Ville,C,Toulon
153000.0,60.0,2550.0,2.0,Appartement,Puget-Théâtre,C,Toulon
1680000.0,280.0,6000.0,8.0,Maison,Cap Brun,B,Toulon
395000.0,86.0,4593.0,3.0,Appartement,Le Faron-Fort-Rouge,C,Toulon
162000.0,61.6,2630.0,2.0,Appartement,Temple,D,Toulon
479000.0,96.0,4990.0,4.0,Appartement,Cap Brun,B,Toulon
220000.0,75.0,2933.0,3.0,Appartement,Centre-Ville,D,Toulon
118000.0,5.0,3105.0,1.0,Appartement,Le Port,E,Toulon
499000.0,112.0,4455.0,4.0,Appartement,Puget-Théâtre,C,Toulon
749000.0,138.0,5428.0,7.0,Maison,Cap Brun,C,Toulon
1380000.0,240.0,5750.0,8.0,Maison,Cap Brun,C,Toulon
320000.0,68.0,4706.0,3.0,Appartement,Mourillon-Sud,E,Toulon
299500.0,100.0,2995.0,4.0,Maison,Centre-Ville,C,Toulon
70600.0,76.0,929.0,4.0,Appartement,Centre-Ville,D,Toulon
348000.0,85.3,4079.0,5.0,Maison,Centre-Ville,C,Toulon
167000.0,47.0,3553.0,2.0,Appartement,Puget-Théâtre,B,Toulon
879000.0,180.0,4883.0,6.0,Maison,Centre-Ville,D,Toulon
170000.0,54.0,3148.0,2.0,Appartement,Les Routes,D,Toulon
129900.0,44.0,2952.0,2.0,Appartement,Champ De Mars,B,Toulon
375000.0,67.0,5597.0,3.0,Appartement,La Palasse,A,Toulon
289000.0,58.0,4983.0,3.0,Appartement,La Palasse,A,Toulon
1870000.0,153.0,12222.0,5.0,Appartement,Cap Brun,C,Toulon
599000.0,131.0,4573.0,4.0,Maison,Centre-Ville,D,Toulon
169900.0,58.0,2929.0,2.0,Appartement,Centre-Ville,E,Toulon
129000.0,47.4,2719.0,2.0,Appartement,Centre-Ville,E,Toulon
80000.0,32.0,2500.0,2.0,Appartement,Rodeilhac,D,Toulon
221000.0,72.0,3069.0,4.0,Appartement,Les Ameniers,D,Toulon
196100.0,74.8,2621.0,3.0,Appartement,Centre-Ville,D,Toulon
328000.0,82.7,3969.0,3.0,Appartement,Puget-Théâtre,C,Toulon
545000.0,152.2,3582.0,5.0,Maison,Centre-Ville,D,Toulon
652000.0,151.0,4318.0,8.0,Maison,Centre-Ville,D,Toulon
115000.0,54.0,2130.0,2.0,Appartement,Pont-Du-Las,D,Toulon
310000.0,70.0,4429.0,4.0,Maison,Centre-Ville,D,Toulon
345000.0,78.3,4408.0,4.0,Appartement,Centre-Ville,B,Toulon
1050000.0,152.0,6908.0,5.0,Maison,Cap Brun,C,Toulon
599000.0,95.0,6305.0,4.0,Maison,Centre-Ville,D,Toulon
500000.0,135.0,3704.0,6.0,Maison,Centre-Ville,D,Toulon
149000.0,53.0,2811.0,3.0,Appartement,Saint Roch,C,Toulon
129000.0,45.7,2826.0,3.0,Appartement,Centre-Ville,C,Toulon
319500.0,103.0,3102.0,5.0,Appartement,Mourillon-Centre,D,Toulon
748000.0,172.5,4336.0,5.0,Maison,Beaulieu-Darboussèdes,C,Toulon
360000.0,75.0,4800.0,3.0,Appartement,Centre-Ville,C,Toulon
266000.0,94.6,2812.0,4.0,Appartement,Place D'Armes,C,Toulon
530000.0,137.0,3869.0,5.0,Maison,Valbertrand,F,Toulon
190000.0,73.5,2585.0,4.0,Appartement,Centre-Ville,C,Toulon
305000.0,115.9,2632.0,5.0,Appartement,Centre-Ville,C,Toulon
250000.0,56.0,4464.0,3.0,Appartement,Centre-Ville,C,Toulon
937900.0,201.0,4666.0,8.0,Maison,Trois Quartiers-Siblas,D,Toulon
187000.0,38.0,4921.0,2.0,Appartement,Centre-Ville,B,Toulon
178000.0,75.0,2373.0,4.0,Appartement,Centre-Ville,C,Toulon
157000.0,41.0,3829.0,2.0,Appartement,Aguillon,C,Toulon
504000.0,156.0,3231.0,6.0,Maison,Saint Roch,C,Toulon
189000.0,65.5,2887.0,4.0,Appartement,Champ De Mars,D,Toulon
130000.0,90.0,1348.0,5.0,Maison,Claret,C,Toulon
599000.0,106.0,5651.0,5.0,Maison,Sainte Musse,D,Toulon
260000.0,64.0,4063.0,3.0,Appartement,Centre-Ville,E,Toulon
124120.0,32.2,3852.0,2.0,Appartement,Saint Roch,E,Toulon
149000.0,40.0,3725.0,3.0,Appartement,Le Port,C,Toulon
299000.0,53.3,5613.0,2.0,Appartement,Mourillon-Centre,E,Toulon
1455000.0,300.0,4850.0,9.0,Maison,Cap Brun,C,Toulon
385000.0,93.0,4140.0,5.0,Maison,Centre-Ville,D,Toulon
740000.0,210.0,3524.0,5.0,Maison,Centre-Ville,B,Toulon
190000.0,82.0,2317.0,4.0,Appartement,Saint Roch,D,Toulon
1680000.0,280.0,6000.0,8.0,Maison,Centre-Ville,B,Toulon
202000.0,58.0,3483.0,3.0,Appartement,Centre-Ville,B,Toulon
169000.0,55.0,3073.0,3.0,Appartement,Centre-Ville,D,Toulon
212000.0,43.0,4930.0,2.0,Appartement,Centre-Ville,D,Toulon
249000.0,54.0,4611.0,2.0,Appartement,Centre-Ville,D,Toulon
345000.0,60.0,5750.0,3.0,Appartement,Centre-Ville,B,Toulon
165000.0,55.7,2965.0,3.0,Appartement,Centre-Ville,D,Toulon
480000.0,74.0,6486.0,3.0,Maison,Trois Quartiers-Siblas,D,Toulon
260000.0,85.0,3059.0,4.0,Appartement,Les Routes,C,Toulon
560000.0,131.6,4254.0,5.0,Maison,Centre-Ville,C,Toulon
498000.0,97.0,5134.0,4.0,Appartement,Place D'Armes,D,Toulon
2290000.0,292.0,7842.0,11.0,Maison,Notre Dame Des Routes,E,Toulon
135000.0,48.0,2813.0,2.0,Appartement,Saint Roch,F,Toulon
115000.0,3.0,5227.0,1.0,Appartement,Saint Roch,C,Toulon
119000.0,2.0,4958.0,1.0,Appartement,Mourillon-Centre,E,Toulon
210000.0,69.0,3043.0,3.0,Appartement,Beaulieu-Darboussèdes,D,Toulon
398000.0,78.0,5103.0,4.0,Maison,Dardenne Hubac-Les Favières,D,Toulon
175000.0,56.0,3125.0,3.0,Appartement,Saint Jean Du Var,C,Toulon
295000.0,67.0,4403.0,4.0,Appartement,Mourillon-Sud,E,Toulon
359000.0,110.0,3264.0,4.0,Appartement,Saint Roch,C,Toulon
359000.0,110.0,3264.0,4.0,Maison,Saint Roch,C,Toulon
154900.0,41.0,3778.0,2.0,Appartement,Aguillon,C,Toulon
429000.0,132.0,3250.0,4.0,Appartement,Puget-Théâtre,C,Toulon
130000.0,50.0,2600.0,3.0,Appartement,Temple,D,Toulon
345000.0,127.0,2717.0,6.0,Appartement,Super-Toulon,C,Toulon
274000.0,82.0,3341.0,5.0,Appartement,La Serinette,C,Toulon
223000.0,45.0,4956.0,2.0,Appartement,Centre-Ville,A,Toulon
219000.0,60.0,3650.0,3.0,Appartement,Trois Quartiers-Siblas,B,Toulon
291000.0,100.0,2910.0,5.0,Appartement,Champ De Mars,D,Toulon
249000.0,100.0,2490.0,5.0,Appartement,Champ De Mars,D,Toulon
155000.0,62.0,2500.0,3.0,Appartement,Saint Roch,C,Toulon
560000.0,134.0,4179.0,5.0,Maison,Trois Quartiers-Siblas,C,Toulon
950000.0,150.0,6333.0,5.0,Maison,Cap Brun,C,Toulon
95000.0,4.0,2794.0,1.0,Appartement,Cathedrale,D,Toulon
315000.0,90.0,3500.0,4.0,Appartement,Les Ameniers,C,Toulon
583000.0,111.0,5252.0,5.0,Maison,Notre Dame Des Routes,C,Toulon
880000.0,208.0,4231.0,7.0,Maison,Claret,D,Toulon
390000.0,83.0,4699.0,3.0,Maison,Beaulieu-Darboussèdes,C,Toulon
498000.0,97.0,5134.0,4.0,Appartement,Centre-Ville,D,Toulon
89000.0,42.1,2115.0,2.0,Appartement,Centre-Ville,E,Toulon
655000.0,120.0,5458.0,5.0,Maison,Centre-Ville,D,Toulon
192000.0,44.2,4344.0,2.0,Appartement,Centre-Ville,C,Toulon
835000.0,168.0,4970.0,6.0,Maison,Mourillon-Sud,D,Toulon
275000.0,44.0,6250.0,2.0,Appartement,Place D'Armes,C,Toulon
680000.0,150.0,4533.0,5.0,Maison,Pont De Suve-Collet De Gipon,A,Toulon
247000.0,82.3,3003.0,3.0,Appartement,Aguillon,C,Toulon
308000.0,55.0,5600.0,2.0,Maison,Trois Quartiers-Siblas,B,Toulon
594000.0,170.0,3494.0,6.0,Maison,Notre Dame Des Routes,C,Toulon
1150000.0,200.0,5750.0,6.0,Maison,Le Faron-Fort-Rouge,B,Toulon
465000.0,97.0,4794.0,4.0,Appartement,La Serinette,C,Toulon
1150000.0,200.0,5750.0,6.0,Maison,Centre-Ville,B,Toulon
129000.0,41.0,3146.0,2.0,Appartement,Centre-Ville,D,Toulon
199000.0,96.3,2067.0,4.0,Appartement,Place D'Armes,D,Toulon
129000.0,50.0,2580.0,2.0,Appartement,Saint Roch,E,Toulon
770000.0,150.0,5133.0,5.0,Maison,Centre-Ville,E,Toulon
48600.0,47.0,530.0,2.0,Appartement,Trois Quartiers-Siblas,C,Toulon
540000.0,192.0,2813.0,7.0,Appartement,Puget-Théâtre,C,Toulon
1290000.0,210.0,6143.0,9.0,Appartement,Mourillon-Centre,D,Toulon
199900.0,71.5,2798.0,3.0,Appartement,Centre-Ville,C,Toulon
307000.0,78.2,3925.0,4.0,Appartement,Centre-Ville,C,Toulon
364000.0,130.5,2789.0,6.0,Maison,Temple,C,Toulon
690000.0,136.0,5074.0,6.0,Maison,Cap Brun,C,Toulon
125000.0,46.7,2678.0,2.0,Appartement,Centre-Ville,C,Toulon
227000.0,73.0,3110.0,4.0,Appartement,Super-Toulon,D,Toulon
925000.0,145.0,6379.0,5.0,Maison,Cap Brun,C,Toulon
680000.0,130.0,5231.0,5.0,Maison,Centre-Ville,C,Toulon
119900.0,62.7,1911.0,3.0,Appartement,Centre-Ville,D,Toulon
344500.0,79.7,4325.0,4.0,Appartement,Centre-Ville,C,Toulon
430000.0,85.0,5059.0,4.0,Maison,Centre-Ville,A,Toulon
236000.0,72.6,3251.0,4.0,Appartement,Centre-Ville,D,Toulon
620000.0,94.0,6596.0,4.0,Maison,Cap Brun,B,Toulon
480000.0,97.0,4948.0,3.0,Appartement,Le Faron-Fort-Rouge,C,Toulon
100000.0,60.0,1667.0,3.0,Appartement,Centre-Ville,D,Toulon
165000.0,57.0,2895.0,4.0,Appartement,Champ De Mars,D,Toulon
187000.0,71.0,2636.0,4.0,Appartement,Brunet,D,Toulon
275000.0,60.0,4583.0,2.0,Appartement,Mourillon-Centre,C,Toulon
315000.0,48.0,6563.0,2.0,Appartement,Cap Brun,A,Toulon
261000.0,40.0,6525.0,2.0,Appartement,Place D'Armes,C,Toulon
630000.0,102.0,6176.0,5.0,Maison,Notre Dame Des Routes,B,Toulon
550000.0,152.0,3618.0,4.0,Appartement,Place D'Armes,C,Toulon
525000.0,200.0,2625.0,9.0,Maison,Place D'Armes,D,Toulon
274000.0,64.2,4268.0,3.0,Appartement,Centre-Ville,B,Toulon
840000.0,260.0,3231.0,8.0,Maison,Centre-Ville,C,Toulon
92000.0,40.0,2300.0,2.0,Appartement,Centre-Ville,F,Toulon
599000.0,95.0,6305.0,4.0,Appartement,Centre-Ville,D,Toulon
124000.0,51.3,2420.0,3.0,Appartement,Centre-Ville,F,Toulon
127000.0,52.0,2442.0,3.0,Appartement,Centre-Ville,E,Toulon
152000.0,50.0,3040.0,2.0,Appartement,Centre-Ville,C,Toulon
174900.0,76.3,2291.0,3.0,Appartement,Centre-Ville,B,Toulon
235000.0,59.0,3983.0,3.0,Appartement,La Roseraie,A,Toulon
3620000.0,125.0,28960.0,7.0,Maison,Centre-Ville,A,Toulon
319000.0,79.0,4038.0,4.0,Maison,Beaulieu-Darboussèdes,D,Toulon
599000.0,130.0,4608.0,6.0,Maison,Le Faron-Fort-Rouge,C,Toulon
436000.0,128.0,3406.0,5.0,Appartement,Place D'Armes,E,Toulon
749000.0,137.0,5467.0,4.0,Maison,Notre Dame Des Routes,B,Toulon
449000.0,85.0,5282.0,4.0,Appartement,Les Ameniers,C,Toulon
395789.0,85.0,4656.0,4.0,Maison,La Serinette,A,Toulon
321000.0,31.5,10190.0,2.0,Appartement,Puget-Théâtre,E,Toulon
205000.0,62.0,3306.0,3.0,Appartement,Trois Quartiers-Siblas,C,Toulon
184000.0,55.0,3345.0,3.0,Appartement,Les Routes,D,Toulon
385000.0,85.0,4529.0,4.0,Maison,Aguillon,A,Toulon
119000.0,48.2,2471.0,2.0,Appartement,Centre-Ville,D,Toulon
139000.0,40.0,3475.0,2.0,Appartement,Temple,C,Toulon
275000.0,83.5,3292.0,3.0,Appartement,La Serinette,E,Toulon
145000.0,63.2,2293.0,2.0,Appartement,Centre-Ville,D,Toulon
189000.0,67.0,2821.0,2.0,Appartement,Centre-Ville,D,Toulon
630000.0,156.0,4038.0,7.0,Maison,Notre Dame Des Routes,E,Toulon
129500.0,73.0,1775.0,3.0,Appartement,Centre-Ville,C,Toulon
310000.0,108.0,2870.0,5.0,Appartement,Place D'Armes,C,Toulon
459800.0,100.0,4598.0,3.0,Maison,La Serinette,A,Toulon
140000.0,12.0,4516.0,1.0,Appartement,La Rode,C,Toulon
2845000.0,471.0,,5.0,Maison,Cap Brun,A,Toulon
1144000.0,360.0,3178.0,15.0,Maison,Centre-Ville,C,Toulon
536000.0,66.0,8121.0,3.0,Appartement,Cap Brun,C,Toulon
399000.0,74.0,5392.0,3.0,Appartement,Place D'Armes,C,Toulon
158000.0,65.0,2431.0,3.0,Appartement,Temple,C,Toulon
1200000.0,145.0,8276.0,5.0,Maison,Mourillon-Centre,C,Toulon
187000.0,40.0,4675.0,2.0,Appartement,Notre Dame Des Routes,B,Toulon
290000.0,74.0,3919.0,3.0,Appartement,Centre-Ville,D,Toulon
146000.0,67.0,2179.0,3.0,Appartement,Champ De Mars,E,Toulon
255000.0,87.0,2931.0,5.0,Appartement,Puget-Théâtre,E,Toulon
87000.0,1.0,3480.0,1.0,Appartement,La Roseraie,C,Toulon
200000.0,40.0,5000.0,2.0,Appartement,Centre-Ville,C,Toulon
265000.0,92.0,2880.0,4.0,Appartement,Centre-Ville,D,Toulon
149000.0,70.0,2129.0,4.0,Appartement,Pont-Du-Las,D,Toulon
96000.0,1.0,4174.0,1.0,Appartement,Centre-Ville,C,Toulon
779900.0,121.0,6445.0,5.0,Maison,Centre-Ville,A,Toulon
212000.0,44.0,4818.0,2.0,Appartement,Centre-Ville,C,Toulon
220000.0,90.0,2444.0,3.0,Appartement,Beaulieu-Darboussèdes,D,Toulon
499000.0,120.0,4158.0,5.0,Maison,Trois Quartiers-Siblas,E,Toulon
155000.0,38.0,4079.0,2.0,Appartement,Valbertrand,C,Toulon
270000.0,95.0,2842.0,4.0,Maison,Temple,C,Toulon
219000.0,66.0,3318.0,3.0,Appartement,Saint Jean Du Var,B,Toulon
880000.0,120.0,7333.0,5.0,Maison,Mourillon-Centre,B,Toulon
229000.0,40.0,5725.0,2.0,Appartement,Super-Toulon,D,Toulon
245000.0,72.0,3403.0,3.0,Appartement,La Serinette,D,Toulon
168000.0,62.0,2710.0,2.0,Appartement,Place D'Armes,C,Toulon
149000.0,62.2,2396.0,3.0,Appartement,Saint Jean Du Var,D,Toulon
815000.0,175.0,4657.0,6.0,Maison,Beaulieu-Darboussèdes,D,Toulon
273000.0,71.0,3845.0,4.0,Appartement,Port De Plaisance,D,Toulon
295000.0,70.0,4214.0,3.0,Appartement,Centre-Ville,D,Toulon
259000.0,126.0,2056.0,5.0,Appartement,Super-Toulon,D,Toulon
316000.0,73.0,4329.0,3.0,Appartement,Super-Toulon,D,Toulon
316000.0,74.0,4270.0,3.0,Appartement,Super-Toulon,D,Toulon
369000.0,78.0,4731.0,4.0,Appartement,Centre-Ville,C,Toulon
197950.0,75.0,2639.0,4.0,Appartement,Centre-Ville,F,Toulon
480000.0,815.0,,5.0,Maison,Centre-Ville,D,Toulon
397000.0,98.0,4051.0,5.0,Maison,Aguillon,A,Toulon
300000.0,104.0,2885.0,5.0,Appartement,Super-Toulon,B,Toulon
180000.0,37.0,4865.0,2.0,Appartement,Mourillon-Sud,F,Toulon
189000.0,70.0,2700.0,4.0,Appartement,Centre-Ville,C,Toulon
348500.0,84.9,4104.0,5.0,Appartement,Centre-Ville,B,Toulon
184000.0,1.0,8000.0,1.0,Appartement,Centre-Ville,D,Toulon
229000.0,39.7,5771.0,2.0,Appartement,Centre-Ville,D,Toulon
449000.0,118.0,3805.0,5.0,Appartement,Centre-Ville,D,Toulon
199000.0,40.0,4980.0,2.0,Appartement,Centre-Ville,C,Toulon
129000.0,29.2,4418.0,2.0,Appartement,Centre-Ville,C,Toulon
510000.0,138.0,3696.0,4.0,Maison,Centre-Ville,D,Toulon
170000.0,63.0,2698.0,4.0,Appartement,Centre-Ville,C,Toulon
155000.0,47.0,3298.0,2.0,Appartement,Centre-Ville,C,Toulon
154900.0,67.0,2312.0,4.0,Appartement,Centre-Ville,E,Toulon
86000.0,3.0,2529.0,1.0,Appartement,Saint Roch,E,Toulon
203000.0,76.0,2671.0,4.0,Appartement,Saint Roch,C,Toulon
229500.0,67.0,3425.0,4.0,Appartement,Claret,E,Toulon
1250000.0,180.0,6944.0,5.0,Maison,Centre-Ville,A,Toulon
332000.0,97.4,3408.0,4.0,Maison,La Roseraie,E,Toulon
425000.0,81.0,5247.0,4.0,Maison,Valbertrand,A,Toulon
267750.0,83.6,3201.0,4.0,Appartement,Brunet,C,Toulon
138000.0,51.0,2706.0,2.0,Appartement,Centre-Ville,C,Toulon
190000.0,71.0,2676.0,3.0,Appartement,Centre-Ville,D,Toulon
169600.0,60.0,2827.0,3.0,Appartement,Saint Jean Du Var,D,Toulon
218000.0,2.0,,4.0,Appartement,Super-Toulon,B,Toulon
180000.0,84.0,2143.0,3.0,Appartement,Centre-Ville,D,Toulon
339000.0,105.0,3229.0,5.0,Appartement,Centre-Ville,C,Toulon
230000.0,75.0,3067.0,4.0,Appartement,Centre-Ville,C,Toulon
900000.0,223.0,4036.0,9.0,Maison,La Serinette,C,Toulon
119000.0,41.0,2902.0,2.0,Appartement,Le Port,D,Toulon
455000.0,85.0,5353.0,4.0,Appartement,Centre-Ville,C,Toulon
149000.0,67.0,2224.0,4.0,Appartement,Centre-Ville,F,Toulon
589000.0,130.4,4517.0,5.0,Maison,Centre-Ville,C,Toulon
525000.0,106.0,4953.0,6.0,Maison,Notre Dame Des Routes,D,Toulon
300000.0,50.0,6000.0,2.0,Maison,Trois Quartiers-Siblas,C,Toulon
390000.0,90.0,4333.0,4.0,Maison,Les Routes,C,Toulon
410000.0,78.0,5256.0,4.0,Maison,Hubac-Nord-Faron,D,Toulon
239000.0,60.0,3983.0,3.0,Appartement,Cap Brun,C,Toulon
144000.0,61.0,2361.0,3.0,Appartement,Pont-Du-Las,E,Toulon
860000.0,190.0,4526.0,6.0,Maison,Le Faron-Fort-Rouge,C,Toulon
590000.0,166.0,3554.0,5.0,Maison,Centre-Ville,E,Toulon
277000.0,92.0,3011.0,4.0,Appartement,La Rode,C,Toulon
200000.0,61.2,3269.0,3.0,Appartement,Saint Roch,A,Toulon
315000.0,56.3,5592.0,3.0,Appartement,Mourillon-Sud,D,Toulon
232000.0,47.0,4936.0,2.0,Appartement,Champ De Mars,D,Toulon
480000.0,171.0,2807.0,6.0,Maison,Saint Jean Du Var,D,Toulon
299000.0,93.0,3215.0,4.0,Appartement,Centre-Ville,C,Toulon
495000.0,92.8,5333.0,4.0,Maison,Trois Quartiers-Siblas,C,Toulon
144000.0,68.0,2118.0,4.0,Appartement,Centre-Ville,D,Toulon
149000.0,66.3,2246.0,4.0,Appartement,Champ De Mars,D,Toulon
213000.0,75.0,2840.0,3.0,Appartement,Centre-Ville,D,Toulon
478800.0,113.0,4237.0,5.0,Maison,Notre Dame Des Routes,E,Toulon
172000.0,75.0,2293.0,3.0,Appartement,Centre-Ville,E,Toulon
109000.0,46.7,2335.0,3.0,Appartement,Centre-Ville,E,Toulon
192000.0,63.0,3048.0,3.0,Appartement,Centre-Ville,C,Toulon
147000.0,39.4,3736.0,2.0,Appartement,Centre-Ville,F,Toulon
460000.0,63.0,7302.0,3.0,Appartement,Cap Brun,A,Toulon
121000.0,5.0,5762.0,1.0,Appartement,Champ De Mars,E,Toulon
305000.0,87.0,3506.0,4.0,Appartement,Centre-Ville,C,Toulon
211000.0,77.0,2740.0,3.0,Appartement,Port De Plaisance,C,Toulon
345000.0,75.0,4600.0,4.0,Appartement,Centre-Ville,C,Toulon
275000.0,62.0,4435.0,3.0,Appartement,Mourillon-Centre,C,Toulon
325000.0,85.0,3824.0,4.0,Appartement,Super-Toulon,C,Toulon
1200000.0,140.0,8571.0,5.0,Maison,Centre-Ville,C,Toulon
316000.0,74.0,4270.0,3.0,Appartement,Super-Toulon,E,Toulon
549000.0,126.0,4357.0,5.0,Maison,Trois Quartiers-Siblas,B,Toulon
830000.0,244.0,3402.0,9.0,Maison,Centre-Ville,D,Toulon
320000.0,119.0,2689.0,5.0,Appartement,Centre-Ville,E,Toulon
159000.0,57.4,2769.0,2.0,Appartement,Centre-Ville,D,Toulon
129000.0,38.0,3395.0,2.0,Appartement,Centre-Ville,C,Toulon
252000.0,70.0,3600.0,4.0,Appartement,Centre-Ville,E,Toulon
299900.0,103.0,2912.0,5.0,Appartement,Centre-Ville,D,Toulon
185000.0,65.0,2846.0,3.0,Appartement,Place D'Armes,C,Toulon
885000.0,140.0,6321.0,6.0,Maison,Cap Brun,C,Toulon
160000.0,74.0,2162.0,3.0,Appartement,Champ De Mars,C,Toulon
459000.0,3.0,16393.0,1.0,Appartement,Besagne,C,Toulon
95000.0,41.0,2317.0,2.0,Appartement,La Roseraie,D,Toulon
269000.0,96.7,2781.0,3.0,Appartement,Le Port,D,Toulon
129000.0,50.0,2580.0,2.0,Maison,La Serinette,D,Toulon
645000.0,155.7,4144.0,7.0,Maison,La Garde,C,Toulon
320000.0,80.0,4000.0,4.0,Appartement,Centre-Ville,D,Toulon
536000.0,67.0,8000.0,3.0,Appartement,Cap Brun,B,Toulon
899000.0,119.0,7555.0,4.0,Appartement,Mourillon-Sud,C,Toulon
125000.0,42.5,2941.0,2.0,Appartement,Saint Jean Du Var,E,Toulon
179000.0,75.0,2387.0,3.0,Appartement,Saint Jean Du Var,D,Toulon
180000.0,37.0,4865.0,2.0,Appartement,Place D'Armes,D,Toulon
2496000.0,310.2,8048.0,9.0,Maison,Mourillon-Sud,C,Toulon
160000.0,55.0,2909.0,2.0,Appartement,Centre-Ville,E,Toulon
120000.0,53.0,2264.0,3.0,Appartement,Centre-Ville,D,Toulon
223000.0,78.2,2852.0,4.0,Appartement,Centre-Ville,C,Toulon
124000.0,66.0,1879.0,4.0,Appartement,Centre-Ville,D,Toulon
164000.0,47.0,3489.0,2.0,Appartement,Centre-Ville,B,Toulon
1900000.0,200.0,9500.0,7.0,Maison,Centre-Ville,C,Toulon
325000.0,110.0,2955.0,6.0,Maison,Centre-Ville,A,Toulon
937900.0,201.0,4666.0,11.0,Maison,Trois Quartiers-Siblas,D,Toulon
521880.0,185.0,,6.0,Maison,Les Ameniers,C,Toulon
795000.0,207.0,3841.0,7.0,Maison,Valbertrand,C,Toulon
210000.0,66.0,3182.0,3.0,Appartement,La Roseraie,C,Toulon
310000.0,107.1,2895.0,5.0,Appartement,Centre-Ville,C,Toulon
1290000.0,220.0,5864.0,8.0,Maison,Mourillon-Centre,B,Toulon
108000.0,52.0,2077.0,2.0,Appartement,Champ De Mars,D,Toulon
130000.0,33.0,3939.0,2.0,Appartement,Cathedrale,C,Toulon
257250.0,57.0,4513.0,3.0,Appartement,Barbès-Valbourdin,C,Toulon
139000.0,57.4,2422.0,3.0,Appartement,Centre-Ville,C,Toulon
939000.0,223.0,4211.0,7.0,Maison,La Serinette,A,Toulon
148000.0,62.0,2387.0,3.0,Appartement,Centre-Ville,D,Toulon
98000.0,3.0,4083.0,1.0,Appartement,Besagne,C,Toulon
145000.0,48.6,2987.0,3.0,Appartement,Le Port,D,Toulon
265000.0,60.0,4417.0,2.0,Appartement,Centre-Ville,B,Toulon
147000.0,63.0,2333.0,3.0,Appartement,Saint Roch,C,Toulon
595000.0,170.0,3500.0,6.0,Maison,Notre Dame Des Routes,C,Toulon
668000.0,136.0,4912.0,5.0,Maison,Centre-Ville,E,Toulon
694000.0,140.0,4957.0,5.0,Maison,Notre Dame Des Routes,D,Toulon
198000.0,96.0,2063.0,4.0,Appartement,Centre-Ville,C,Toulon
599000.0,160.0,3744.0,5.0,Appartement,Puget-Théâtre,A,Toulon
148000.0,56.0,2643.0,3.0,Appartement,Centre-Ville,C,Toulon
315000.0,1.0,3058.0,4.0,Appartement,Centre-Ville,D,Toulon
455000.0,116.0,3922.0,5.0,Appartement,Mourillon-Centre,F,Toulon
1290000.0,220.0,5864.0,8.0,Maison,Centre-Ville,D,Toulon
175000.0,82.0,2134.0,4.0,Appartement,Centre-Ville,E,Toulon
110000.0,4.0,3667.0,1.0,Appartement,Cathedrale,E,Toulon
745000.0,140.0,5321.0,4.0,Maison,Aguillon,A,Toulon
220000.0,78.0,2821.0,4.0,Appartement,Place D'Armes,D,Toulon
171000.0,62.0,2758.0,3.0,Appartement,Temple,D,Toulon
179000.0,82.0,2183.0,4.0,Appartement,Saint Roch,D,Toulon
530000.0,138.0,3841.0,6.0,Maison,Valbertrand,F,Toulon
140000.0,55.0,2545.0,3.0,Appartement,Rodeilhac,D,Toulon
259000.0,45.0,5756.0,3.0,Maison,Trois Quartiers-Siblas,C,Toulon
259000.0,45.0,5756.0,3.0,Appartement,Trois Quartiers-Siblas,C,Toulon
219000.0,49.2,4448.0,3.0,Appartement,Centre-Ville,C,Toulon
212000.0,64.3,3297.0,3.0,Appartement,Centre-Ville,B,Toulon
573000.0,113.5,5051.0,4.0,Appartement,Mourillon-Sud,E,Toulon
545000.0,110.0,4955.0,5.0,Maison,Les Routes,D,Toulon
314000.0,80.0,3925.0,4.0,Appartement,Mourillon-Centre,D,Toulon
180000.0,65.2,2760.0,4.0,Appartement,Centre-Ville,B,Toulon
139000.0,2.0,3564.0,1.0,Appartement,Le Port,D,Toulon
787500.0,185.0,4257.0,5.0,Appartement,Centre-Ville,B,Toulon
438000.0,86.0,5093.0,3.0,Appartement,Centre-Ville,C,Toulon
159000.0,41.0,3878.0,2.0,Appartement,Centre-Ville,C,Toulon
528000.0,143.0,3692.0,5.0,Appartement,Centre-Ville,C,Toulon
159000.0,45.0,3533.0,2.0,Appartement,Mourillon-Centre,D,Toulon
215000.0,108.0,1991.0,5.0,Appartement,Champ De Mars,C,Toulon
151500.0,105.0,513.0,5.0,Maison,Super-Toulon,C,Toulon
180200.0,47.7,3778.0,2.0,Appartement,Super-Toulon,D,Toulon
230000.0,81.0,2840.0,3.0,Appartement,Champ De Mars,D,Toulon
579000.0,131.0,4420.0,7.0,Maison,La Palasse,C,Toulon
1160000.0,250.0,4640.0,5.0,Maison,Centre-Ville,D,Toulon
225000.0,82.0,2744.0,4.0,Appartement,Centre-Ville,C,Toulon
378000.0,95.0,3979.0,5.0,Appartement,Centre-Ville,C,Toulon
199000.0,49.1,4055.0,2.0,Appartement,Centre-Ville,C,Toulon
142000.0,51.0,2784.0,2.0,Appartement,Champ De Mars,E,Toulon
116000.0,50.0,2320.0,2.0,Appartement,Pont-Du-Las,D,Toulon
435000.0,81.0,5370.0,4.0,Maison,Centre-Ville,A,Toulon
124000.0,84.0,1476.0,4.0,Appartement,Champ De Mars,E,Toulon
194250.0,59.1,3286.0,3.0,Appartement,Centre-Ville,D,Toulon
213000.0,76.0,2803.0,3.0,Appartement,Centre-Ville,D,Toulon
139000.0,40.0,3475.0,2.0,Appartement,Centre-Ville,C,Toulon
150000.0,67.0,2239.0,4.0,Appartement,Champ De Mars,D,Toulon
697000.0,200.0,3485.0,8.0,Maison,Valbertrand,C,Toulon
109000.0,68.0,1603.0,4.0,Appartement,Centre-Ville,D,Toulon
181000.0,62.1,2917.0,3.0,Appartement,Centre-Ville,D,Toulon
570000.0,128.0,4453.0,5.0,Maison,Centre-Ville,D,Toulon
229000.0,51.0,4490.0,2.0,Appartement,Centre-Ville,C,Toulon
415000.0,117.0,,5.0,Appartement,Centre-Ville,C,Toulon
282000.0,96.0,2938.0,5.0,Appartement,Centre Ville,D,Toulon
750000.0,138.0,5435.0,8.0,Maison,Cap Brun,C,Toulon
399000.0,110.0,3627.0,5.0,Maison,Centre-Ville,D,Toulon
349000.0,59.0,5915.0,3.0,Appartement,Cap Brun,B,Toulon
74000.0,70.0,1057.0,3.0,Appartement,Centre-Ville,C,Toulon
2890000.0,348.0,8305.0,4.0,Maison,Centre-Ville,A,Toulon
269000.0,93.0,2892.0,3.0,Appartement,Puget-Théâtre,B,Toulon
399000.0,68.0,5864.0,3.0,Appartement,Cap Brun,B,Toulon
131000.0,1.0,4367.0,1.0,Appartement,Besagne,D,Toulon
118000.0,30.0,3933.0,2.0,Appartement,Centre-Ville,C,Toulon
660000.0,166.0,3976.0,7.0,Maison,La Serinette,D,Toulon
139000.0,34.2,4062.0,2.0,Appartement,Centre-Ville,C,Toulon
169000.0,67.5,2504.0,4.0,Appartement,Centre-Ville,D,Toulon
119000.0,2.0,5233.0,1.0,Appartement,Centre-Ville,C,Toulon
960000.0,185.0,5189.0,9.0,Maison,Cap Brun,D,Toulon
95000.0,4.0,4318.0,1.0,Appartement,Puget-Théâtre,F,Toulon
850000.0,109.0,7798.0,5.0,Maison,Centre-Ville,F,Toulon
230000.0,75.9,3032.0,4.0,Appartement,Le Jonquet,C,Toulon
466000.0,77.0,6052.0,3.0,Appartement,Centre-Ville,B,Toulon
195000.0,83.0,2349.0,3.0,Appartement,Le Port,D,Toulon
262000.0,109.0,2404.0,5.0,Appartement,Champ De Mars,C,Toulon
398000.0,79.0,5038.0,4.0,Maison,Dardenne Hubac-Les Favières,D,Toulon
885000.0,116.0,7629.0,4.0,Appartement,Cap Brun,A,Toulon
885000.0,116.0,7629.0,4.0,Appartement,Cap Brun,B,Toulon
140000.0,69.0,2029.0,3.0,Appartement,Barbès-Valbourdin,D,Toulon
459000.0,91.3,5030.0,4.0,Maison,Valbertrand,A,Toulon
377000.0,80.0,4713.0,3.0,Maison,Centre-Ville,C,Toulon
630000.0,156.0,4038.0,6.0,Maison,Centre-Ville,E,Toulon
134500.0,65.0,2069.0,3.0,Appartement,Temple,C,Toulon
129000.0,32.1,4019.0,2.0,Appartement,Centre-Ville,E,Toulon
190000.0,39.0,4872.0,2.0,Appartement,Centre-Ville,D,Toulon
189000.0,67.0,2821.0,3.0,Appartement,Centre-Ville,E,Toulon
1870000.0,153.0,12222.0,5.0,Appartement,Centre-Ville,C,Toulon
454500.0,149.0,3050.0,8.0,Maison,Escaillon,E,Toulon
265000.0,70.0,3786.0,3.0,Maison,Les Routes,E,Toulon
115000.0,57.0,2018.0,3.0,Appartement,Centre-Ville,D,Toulon
315000.0,80.0,3938.0,4.0,Appartement,Mourillon-Centre,D,Toulon
138000.0,73.0,1890.0,3.0,Appartement,Centre-Ville,C,Toulon
125000.0,64.0,1953.0,3.0,Appartement,Champ De Mars,D,Toulon
295000.0,73.0,4041.0,4.0,Appartement,Super-Toulon,C,Toulon
169000.0,68.6,2464.0,4.0,Appartement,Centre-Ville,C,Toulon
165000.0,53.0,3114.0,3.0,Appartement,Centre-Ville,D,Toulon
499000.0,115.0,4339.0,6.0,Maison,Centre-Ville,B,Toulon
95700.0,55.0,1740.0,3.0,Appartement,Centre-Ville,D,Toulon
109000.0,67.0,1627.0,4.0,Appartement,Centre-Ville,D,Toulon
210000.0,85.0,2471.0,5.0,Appartement,Centre-Ville,C,Toulon
159000.0,1.0,3878.0,1.0,Appartement,Centre-Ville,C,Toulon
495000.0,89.1,5557.0,4.0,Maison,Centre-Ville,A,Toulon
145000.0,57.3,2529.0,3.0,Appartement,Centre-Ville,C,Toulon
749000.0,143.0,5238.0,6.0,Maison,Notre Dame Des Routes,B,Toulon
160000.0,53.7,2982.0,3.0,Appartement,Aguillon,D,Toulon
224000.0,67.0,3343.0,3.0,Appartement,Centre-Ville,D,Toulon
212000.0,43.0,4930.0,2.0,Appartement,La Roseraie,D,Toulon
530000.0,144.0,3681.0,4.0,Appartement,Puget-Théâtre,C,Toulon
299000.0,50.0,5980.0,2.0,Maison,Pont De Suve-Collet De Gipon,B,Toulon
150000.0,68.0,2206.0,4.0,Appartement,Centre-Ville,D,Toulon
88391.0,3.0,4878.0,1.0,Appartement,Centre-Ville,D,Toulon
135000.0,3.0,4655.0,1.0,Appartement,Cap Brun,E,Toulon
217000.0,79.0,2747.0,5.0,Appartement,Super-Toulon,D,Toulon
250000.0,91.0,2747.0,4.0,Appartement,Centre-Ville,D,Toulon
80000.0,91.0,1300.0,3.0,Maison,Beaulieu-Darboussèdes,C,Toulon
225000.0,65.0,3462.0,3.0,Appartement,Centre-Ville,D,Toulon
92000.0,41.8,2200.0,3.0,Appartement,Centre-Ville,F,Toulon
165000.0,92.7,1780.0,4.0,Appartement,Trois Quartiers-Siblas,E,Toulon
840000.0,328.0,2561.0,15.0,Maison,Centre-Ville,C,Toulon
143000.0,51.0,2804.0,3.0,Appartement,Centre-Ville,E,Toulon
